timestamp,project_name,run_id,duration,emissions,emissions_rate,cpu_power,gpu_power,ram_power,cpu_energy,gpu_energy,ram_energy,energy_consumed,country_name,country_iso_code,region,cloud_provider,cloud_region,os,python_version,codecarbon_version,cpu_count,cpu_model,gpu_count,gpu_model,longitude,latitude,ram_total_size,tracking_mode,on_cloud,pue
2024-04-12T19:36:18,codecarbon,daf00085-a4cd-4c60-a5cb-7f82b3179476,117.20072603225708,4.080724259373745e-05,3.4818250684305573e-07,5.0,0.0,3.0,0.0001625892112652,0,9.74587271610896e-05,0.0002600479384263,Belgium,BEL,brussels capital,,,macOS-14.0-arm64-arm-64bit,3.11.7,2.3.4,8,Apple M1,,,4.3758,50.8713,8.0,machine,N,1.0
2024-04-12T19:43:31,codecarbon,9997382c-2c19-424c-992d-36678c30c918,255.95868110656733,8.915191856886728e-05,3.483058991531107e-07,5.0,0.0,3.0,0.0003552099323934,0,0.0002129189378023,0.0005681288701958,Belgium,BEL,brussels capital,,,macOS-14.0-arm64-arm-64bit,3.11.7,2.3.4,8,Apple M1,,,4.3758,50.8713,8.0,machine,N,1.0
2024-04-12T20:14:25,codecarbon,f359c982-7dc1-4aa5-b882-66d743e6e8c1,23.7521071434021,8.263907050664957e-06,3.47923112706256e-07,5.0,0.0,3.0,3.292410307460361e-05,0,1.973841110865275e-05,5.266251418325637e-05,Belgium,BEL,brussels capital,,,macOS-14.0-arm64-arm-64bit,3.11.7,2.3.4,8,Apple M1,,,4.3758,50.8713,8.0,machine,N,1.0
2024-04-12T20:21:11,codecarbon,da9c33bd-60f5-4e04-bc4e-b390d17a5a5e,0.0074219703674316,8.61177280876371e-10,1.1603081637934113e-07,5.0,0.0,3.0,3.9779477649264866e-09,0,1.509984334309896e-09,5.487932099236382e-09,Belgium,BEL,brussels capital,,,macOS-14.0-arm64-arm-64bit,3.11.7,2.3.4,8,Apple M1,,,4.3758,50.8713,8.0,machine,N,1.0
2024-04-12T20:22:22,codecarbon,e30e992e-0e88-440d-a9d6-f5effaccc7b8,29.027852773666385,1.012108337673386e-05,3.486680002013635e-07,5.0,0.0,3.0,4.031297663847605e-05,0,2.418456594149272e-05,6.449754257996878e-05,Belgium,BEL,brussels capital,,,macOS-14.0-arm64-arm-64bit,3.11.7,2.3.4,8,Apple M1,,,4.3758,50.8713,8.0,machine,N,1.0
2024-04-12T20:23:45,codecarbon,1c3784a4-e161-416d-8374-d7a7d1b57d7b,54.76514101028442,1.907571853113466e-05,3.483186234753308e-07,5.0,0.0,3.0,7.598624858591292e-05,0,4.557553708553314e-05,0.0001215617856714,Belgium,BEL,brussels capital,,,macOS-14.0-arm64-arm-64bit,3.11.7,2.3.4,8,Apple M1,,,4.3758,50.8713,8.0,machine,N,1.0
2024-04-12T20:39:07,codecarbon,063d123c-008e-4ade-926d-f488cf027509,64.41078591346741,2.244274018337276e-05,3.484313980196334e-07,5.0,0.0,3.0,8.943905399905311e-05,0,5.357938945293427e-05,0.0001430184434519,Belgium,BEL,brussels capital,,,macOS-14.0-arm64-arm-64bit,3.11.7,2.3.4,8,Apple M1,,,4.3758,50.8713,8.0,machine,N,1.0
2024-04-12T20:45:28,codecarbon,ef8225c1-1536-4adf-9f4b-5317de541592,27.878509044647217,9.719481933431626e-06,3.486370780397887e-07,5.0,0.0,3.0,3.871793250242869e-05,0,2.322036763032277e-05,6.193830013275147e-05,Belgium,BEL,brussels capital,,,macOS-14.0-arm64-arm-64bit,3.11.7,2.3.4,8,Apple M1,,,4.3758,50.8713,8.0,machine,N,1.0
2024-04-12T20:46:37,codecarbon,0ef4e233-1d45-452b-bbc8-990963a67814,65.67303490638733,2.2872476563323737e-05,3.482780504346567e-07,5.0,0.0,3.0,9.11249667406082e-05,0,5.46320116519928e-05,0.0001457569783926,Belgium,BEL,brussels capital,,,macOS-14.0-arm64-arm-64bit,3.11.7,2.3.4,8,Apple M1,,,4.3758,50.8713,8.0,machine,N,1.0
2024-04-12T21:13:49,codecarbon,744e6958-56c9-4c4a-8834-5a0437497545,27.235642910003666,9.484981868520446e-06,3.482562133694523e-07,5.0,0.0,3.0,3.778568572468228e-05,0,2.2658240993817647e-05,6.044392671849993e-05,Belgium,BEL,brussels capital,,,macOS-14.0-arm64-arm-64bit,3.11.7,2.3.4,8,Apple M1,,,4.3758,50.8713,8.0,machine,N,1.0
2024-04-12T21:14:57,codecarbon,461af36f-b1f2-4848-b5d3-0ca770fa2f2e,63.93210077285767,2.226126889315009e-05,3.482017425368431e-07,5.0,0.0,3.0,8.869144121805826e-05,0,5.317055960496267e-05,0.000141862000823,Belgium,BEL,brussels capital,,,macOS-14.0-arm64-arm-64bit,3.11.7,2.3.4,8,Apple M1,,,4.3758,50.8713,8.0,machine,N,1.0
2024-04-12T21:50:43,codecarbon,6bad4290-5344-462e-bf99-1f38a9d6500f,29.47106981277465,1.026562421750837e-05,3.4832886226134174e-07,5.0,0.0,3.0,4.0900206896993846e-05,0,2.451843559741974e-05,6.541864249441359e-05,Belgium,BEL,brussels capital,,,macOS-14.0-arm64-arm-64bit,3.11.7,2.3.4,8,Apple M1,,,4.3758,50.8713,8.0,machine,N,1.0
2024-04-12T21:51:55,codecarbon,724171b4-8db0-4024-a089-a633e5ac3641,68.64386487007141,2.3867346428583865e-05,3.476981733729562e-07,5.0,0.0,3.0,9.509307742118836e-05,0,5.7003801465034485e-05,0.0001520968788862,Belgium,BEL,brussels capital,,,macOS-14.0-arm64-arm-64bit,3.11.7,2.3.4,8,Apple M1,,,4.3758,50.8713,8.0,machine,N,1.0
2024-04-12T22:37:07,codecarbon,e9f7f7c4-99ab-4c83-970c-1c93072982df,31.28971695899964,1.0885172301050956e-05,3.478833738034224e-07,5.0,0.0,3.0,4.337308638625675e-05,0,2.599368373552958e-05,6.936677012178633e-05,Belgium,BEL,brussels capital,,,macOS-14.0-arm64-arm-64bit,3.11.7,2.3.4,8,Apple M1,,,4.3758,50.8713,8.0,machine,N,1.0
2024-04-12T22:38:53,codecarbon,7a4e95c3-5e10-427f-8ced-8c708e7d311c,63.17100191116333,2.201206494195369e-05,3.484520472369428e-07,5.0,0.0,3.0,8.769421544339921e-05,0,5.257971008618672e-05,0.0001402739255295,Belgium,BEL,brussels capital,,,macOS-14.0-arm64-arm-64bit,3.11.7,2.3.4,8,Apple M1,,,4.3758,50.8713,8.0,machine,N,1.0
2024-04-15T09:53:34,codecarbon,26007d36-16f4-4e3c-a9d2-cad1fb3331d0,27.438825845718384,9.552714415176312e-06,3.48145888927202e-07,5.0,0.0,3.0,3.8054594397544855e-05,0,2.2820964256922405e-05,6.087555865446727e-05,Belgium,BEL,brussels capital,,,macOS-14.0-arm64-arm-64bit,3.11.7,2.3.4,8,Apple M1,,,4.3758,50.8713,8.0,machine,N,1.0
2024-04-15T09:54:42,codecarbon,eaa7c363-de85-4fdb-bf88-6b13afd1b299,66.5924711227417,2.31516161238624e-05,3.476611654970706e-07,5.0,0.0,3.0,9.227725995911491e-05,0,5.525856117407481e-05,0.0001475358211331,Belgium,BEL,brussels capital,,,macOS-14.0-arm64-arm-64bit,3.11.7,2.3.4,8,Apple M1,,,4.3758,50.8713,8.0,machine,N,1.0
2024-04-15T16:57:49,codecarbon,8576f033-1a5d-4f39-ade7-36bc0e15058a,29.89667320251465,1.0422980849883556e-05,3.486334676530787e-07,5.0,0.0,3.0,4.1517493128776544e-05,0,2.4903919100761416e-05,6.642141222953796e-05,Belgium,BEL,brussels capital,,,macOS-14.0-arm64-i386-64bit,3.11.7,2.3.4,8,Apple M1,,,4.3758,50.8713,8.0,machine,N,1.0
2024-04-15T16:58:53,codecarbon,94ece833-9cba-4ebb-a4c7-8c64bdfcb89a,62.890286922454834,2.1908938284455937e-05,3.483675994588825e-07,5.0,0.0,3.0,8.731332222620646e-05,0,5.230341911315918e-05,0.0001396167413393,Belgium,BEL,brussels capital,,,macOS-14.0-arm64-i386-64bit,3.11.7,2.3.4,8,Apple M1,,,4.3758,50.8713,8.0,machine,N,1.0
2024-04-15T18:06:38,codecarbon,208fed4c-69b0-4171-aa8b-3f633d15fade,2.4072439670562744,8.38717103954951e-07,3.484138356697538e-07,5.0,0.0,3.0,3.3424943685531613e-06,0,2.002308170000712e-06,5.344802538553874e-06,Belgium,BEL,brussels capital,,,macOS-14.0-arm64-i386-64bit,3.11.7,2.3.4,8,Apple M1,,,4.3758,50.8713,8.0,machine,N,1.0
2024-04-15T18:06:53,codecarbon,a880a5f4-3753-497c-886a-99b05241c143,4.240304231643677,1.47848603328281e-06,3.486745177974416e-07,5.0,0.0,3.0,5.888758434189691e-06,0,3.533030947049459e-06,9.42178938123915e-06,Belgium,BEL,brussels capital,,,macOS-14.0-arm64-i386-64bit,3.11.7,2.3.4,8,Apple M1,,,4.3758,50.8713,8.0,machine,N,1.0
2024-04-15T18:23:37,codecarbon,2e46ffd2-62b8-4a4a-a940-1a4d7b55eb77,2.665762186050415,9.292705004041726e-07,3.4859467407367534e-07,5.0,0.0,3.0,3.70149744881524e-06,0,2.220365007718404e-06,5.9218624565336445e-06,Belgium,BEL,brussels capital,,,macOS-14.0-arm64-i386-64bit,3.11.7,2.3.4,8,Apple M1,,,4.3758,50.8713,8.0,machine,N,1.0
2024-04-15T18:23:44,codecarbon,462d5c36-1be1-49b4-98a3-e733f2e93404,4.342710018157959,1.5141787631796468e-06,3.486713957064796e-07,5.0,0.0,3.0,6.030923790401883e-06,0,3.618320822715759e-06,9.649244613117644e-06,Belgium,BEL,brussels capital,,,macOS-14.0-arm64-i386-64bit,3.11.7,2.3.4,8,Apple M1,,,4.3758,50.8713,8.0,machine,N,1.0
2024-04-15T18:31:59,codecarbon,a835f364-932a-4925-bc0c-06c723acf26b,2.705803871154785,9.43337064578136e-07,3.486346791925972e-07,5.0,0.0,3.0,3.757530450820923e-06,0,2.253972490628561e-06,6.011502941449484e-06,Belgium,BEL,brussels capital,,,macOS-14.0-arm64-i386-64bit,3.11.7,2.3.4,8,Apple M1,,,4.3758,50.8713,8.0,machine,N,1.0
2024-04-15T18:32:04,codecarbon,c055ec12-6c3a-48a8-9bbd-a679cf14bdaf,4.409423112869263,1.5373804785373475e-06,3.486579625462516e-07,5.0,0.0,3.0,6.123422251807319e-06,0,3.673677444458008e-06,9.797099696265328e-06,Belgium,BEL,brussels capital,,,macOS-14.0-arm64-i386-64bit,3.11.7,2.3.4,8,Apple M1,,,4.3758,50.8713,8.0,machine,N,1.0
2024-04-15T18:39:32,codecarbon,50e275e0-10a1-4a2b-89d3-5210eeeff177,2.5587520599365234,8.920579664217102e-07,3.48630092141026e-07,5.0,0.0,3.0,3.5531914896435206e-06,0,2.1315306425094605e-06,5.684722132152981e-06,Belgium,BEL,brussels capital,,,macOS-14.0-arm64-i386-64bit,3.11.7,2.3.4,8,Apple M1,,,4.3758,50.8713,8.0,machine,N,1.0
2024-04-15T18:39:38,codecarbon,ec98be1c-75d1-4629-a54b-2f999c300a23,4.409193992614746,1.537376695655187e-06,3.48675222326403e-07,5.0,0.0,3.0,6.1233540376027424e-06,0,3.6737215518951415e-06,9.797075589497883e-06,Belgium,BEL,brussels capital,,,macOS-14.0-arm64-i386-64bit,3.11.7,2.3.4,8,Apple M1,,,4.3758,50.8713,8.0,machine,N,1.0
2024-04-15T20:05:38,codecarbon,86df0fdc-0ecb-4785-99f7-d62253f7928a,2.608861923217773,9.092727719186411e-07,3.485323480811675e-07,5.0,0.0,3.0,3.6222027407752143e-06,0,2.172222336133321e-06,5.794425076908535e-06,Belgium,BEL,brussels capital,,,macOS-14.0-arm64-i386-64bit,3.11.7,2.3.4,8,Apple M1,,,4.3758,50.8713,8.0,machine,N,1.0
2024-04-15T20:05:44,codecarbon,2496bb9b-c2c7-4914-924f-69576ad442b1,4.636853933334351,1.6158630721432633e-06,3.484826339960422e-07,5.0,0.0,3.0,6.43621650007036e-06,0,3.861020803451538e-06,1.0297237303521898e-05,Belgium,BEL,brussels capital,,,macOS-14.0-arm64-i386-64bit,3.11.7,2.3.4,8,Apple M1,,,4.3758,50.8713,8.0,machine,N,1.0
2024-04-15T21:32:24,codecarbon,9ca79a2f-73d3-47d5-b9a0-315debc2bf54,2.985400676727295,1.04082080507093e-06,3.486368892405812e-07,5.0,0.0,3.0,4.145708017879062e-06,0,2.487019101778666e-06,6.6327271196577285e-06,Belgium,BEL,brussels capital,,,macOS-14.0-arm64-i386-64bit,3.11.7,2.3.4,8,Apple M1,,,4.3758,50.8713,8.0,machine,N,1.0
2024-04-15T21:32:30,codecarbon,6a002777-8ccc-4983-a8f9-2d752780d944,4.471750974655151,1.5591321029235258e-06,3.486625511483813e-07,5.0,0.0,3.0,6.2100831005308366e-06,0,3.7256308396657295e-06,9.935713940196567e-06,Belgium,BEL,brussels capital,,,macOS-14.0-arm64-i386-64bit,3.11.7,2.3.4,8,Apple M1,,,4.3758,50.8713,8.0,machine,N,1.0
2024-04-15T22:18:23,codecarbon,65f5f75d-e30e-4602-a601-93ee64b46bc5,2.3916969299316406,8.337981204346817e-07,3.486219804858441e-07,5.0,0.0,3.0,3.321159879366557e-06,0,1.9922959804534915e-06,5.313455859820048e-06,Belgium,BEL,brussels capital,,,macOS-14.0-arm64-i386-64bit,3.11.7,2.3.4,8,Apple M1,,,4.3758,50.8713,8.0,machine,N,1.0
2024-04-15T22:18:28,codecarbon,1f0df970-ca76-4e27-8f01-84233d3818c1,4.394061088562012,1.5320387995057635e-06,3.486612426699635e-07,5.0,0.0,3.0,6.102191739612155e-06,0,3.660867611567179e-06,9.763059351179334e-06,Belgium,BEL,brussels capital,,,macOS-14.0-arm64-i386-64bit,3.11.7,2.3.4,8,Apple M1,,,4.3758,50.8713,8.0,machine,N,1.0
2024-04-15T22:21:43,codecarbon,72bc6be9-49dd-4c48-86bb-a93c4fe1a946,2.670631170272827,9.310796014422842e-07,3.48636536488551e-07,5.0,0.0,3.0,3.708633449342516e-06,0,2.224757671356201e-06,5.933391120698717e-06,Belgium,BEL,brussels capital,,,macOS-14.0-arm64-i386-64bit,3.11.7,2.3.4,8,Apple M1,,,4.3758,50.8713,8.0,machine,N,1.0
2024-04-15T22:21:49,codecarbon,d2fc892e-91ed-484f-b17d-e7bc8770b47b,4.589199066162109,1.6001079603187243e-06,3.486682397625595e-07,5.0,0.0,3.0,6.373276313145956e-06,0,3.823560078938802e-06,1.0196836392084755e-05,Belgium,BEL,brussels capital,,,macOS-14.0-arm64-i386-64bit,3.11.7,2.3.4,8,Apple M1,,,4.3758,50.8713,8.0,machine,N,1.0
2024-04-15T22:22:18,codecarbon,66ba885b-6257-4b66-b765-9de6a9811fee,1.3385720252990725,4.665457252073289e-07,3.4853987412675106e-07,5.0,0.0,3.0,1.858481764793396e-06,0,1.1146241426467897e-06,2.973105907440186e-06,Belgium,BEL,brussels capital,,,macOS-14.0-arm64-i386-64bit,3.11.7,2.3.4,8,Apple M1,,,4.3758,50.8713,8.0,machine,N,1.0
2024-04-15T22:22:24,codecarbon,10f096eb-91b2-4d7f-b51d-0a2755491b9b,4.3987321853637695,1.5336792297266592e-06,3.4866392521685785e-07,5.0,0.0,3.0,6.1087197727627225e-06,0,3.664793372154236e-06,9.77351314491696e-06,Belgium,BEL,brussels capital,,,macOS-14.0-arm64-i386-64bit,3.11.7,2.3.4,8,Apple M1,,,4.3758,50.8713,8.0,machine,N,1.0
2024-04-15T22:23:01,codecarbon,335c193e-1dc8-4638-9173-5a4a5d7e887d,1.435647964477539,5.004022815165255e-07,3.485550036624973e-07,5.0,0.0,3.0,1.9933167431089614e-06,0,1.1955432097117107e-06,3.188859952820672e-06,Belgium,BEL,brussels capital,,,macOS-14.0-arm64-i386-64bit,3.11.7,2.3.4,8,Apple M1,,,4.3758,50.8713,8.0,machine,N,1.0
2024-04-15T22:23:07,codecarbon,edf2eecb-a319-40bb-9d6b-acf7c380e710,4.352481126785278,1.5176153869121605e-06,3.486782234557474e-07,5.0,0.0,3.0,6.044630540741815e-06,0,3.6265142758687336e-06,9.671144816610548e-06,Belgium,BEL,brussels capital,,,macOS-14.0-arm64-i386-64bit,3.11.7,2.3.4,8,Apple M1,,,4.3758,50.8713,8.0,machine,N,1.0
2024-04-19T16:36:51,codecarbon,1c783b53-0058-4cea-ac79-798069a45821,5.414213180541992,1.8876718539335995e-06,3.486511873447571e-07,5.0,0.0,3.0,7.518798775143094e-06,0,4.510565201441446e-06,1.202936397658454e-05,Belgium,BEL,flanders,,,macOS-14.0-arm64-i386-64bit,3.11.7,2.3.4,8,Apple M1,,,4.4432,51.2069,8.0,machine,N,1.0
2024-04-19T16:37:03,codecarbon,f0e85621-2e2d-47d3-9e2f-21eee0585d25,9.64071798324585,3.361456866299312e-06,3.486728760390077e-07,5.0,0.0,3.0,1.3388719161351524e-05,0,8.032476504643759e-06,2.142119566599528e-05,Belgium,BEL,flanders,,,macOS-14.0-arm64-i386-64bit,3.11.7,2.3.4,8,Apple M1,,,4.4432,51.2069,8.0,machine,N,1.0
2024-04-19T16:39:02,codecarbon,743cb5e3-083c-43f9-9645-a5b15d977bea,3.927482843399048,1.369043220073382e-06,3.485803184027511e-07,5.0,0.0,3.0,5.453634262084961e-06,0,3.2707206408182777e-06,8.724354902903239e-06,Belgium,BEL,flanders,,,macOS-14.0-arm64-i386-64bit,3.11.7,2.3.4,8,Apple M1,,,4.4432,51.2069,8.0,machine,N,1.0
2024-04-19T16:39:14,codecarbon,b5f21e94-7a5f-4ca8-af61-d7608b1fb07d,10.65565013885498,3.71506461342401e-06,3.486473903527784e-07,5.0,0.0,3.0,1.47980488008923e-05,0,8.876545031865439e-06,2.367459383275773e-05,Belgium,BEL,flanders,,,macOS-14.0-arm64-i386-64bit,3.11.7,2.3.4,8,Apple M1,,,4.4432,51.2069,8.0,machine,N,1.0
2024-04-22T21:20:37,codecarbon,2fc9e62d-1933-4b23-9f1b-b9eeb885135d,2.6739749908447266,9.322416529578632e-07,3.486351428677207e-07,5.0,0.0,3.0,3.713270690706041e-06,0,2.2275257110595706e-06,5.940796401765612e-06,Belgium,BEL,brussels capital,,,macOS-14.0-arm64-arm-64bit,3.11.7,2.3.4,8,Apple M1,,,4.3758,50.8713,8.0,machine,N,1.0
2024-04-22T21:20:43,codecarbon,fd151717-fd8d-4ec8-bb93-b6896a810fe7,4.6308228969573975,1.6146120397566424e-06,3.486663333243635e-07,5.0,0.0,3.0,6.43102592892117e-06,0,3.85823905467987e-06,1.028926498360104e-05,Belgium,BEL,brussels capital,,,macOS-14.0-arm64-arm-64bit,3.11.7,2.3.4,8,Apple M1,,,4.3758,50.8713,8.0,machine,N,1.0
2024-04-23T09:47:07,codecarbon,db55ace4-4c73-43b0-bacb-c69885736da6,3.1927170753479004,1.113054836002456e-06,3.486230723657748e-07,5.0,0.0,3.0,4.433430896864998e-06,0,2.6596142848332725e-06,7.09304518169827e-06,Belgium,BEL,brussels capital,,,macOS-14.0-arm64-arm-64bit,3.11.7,2.3.4,8,Apple M1,,,4.3758,50.8713,8.0,machine,N,1.0
2024-04-23T09:47:21,codecarbon,e7226b16-0775-4cbd-ba18-9985b5a5e141,11.722238779067991,4.087123783988423e-06,3.486640957430984e-07,5.0,0.0,3.0,1.6279728876219855e-05,0,9.765846530596417e-06,2.604557540681627e-05,Belgium,BEL,brussels capital,,,macOS-14.0-arm64-arm-64bit,3.11.7,2.3.4,8,Apple M1,,,4.3758,50.8713,8.0,machine,N,1.0
2024-04-23T09:55:07,codecarbon,9eb3e09a-427b-4f5e-a86c-3cb1f68c5ebe,2.729416847229004,9.514026577936276e-07,3.485736005328478e-07,5.0,0.0,3.0,3.7898874945110735e-06,0,2.273014187812805e-06,6.062901682323879e-06,Belgium,BEL,brussels capital,,,macOS-14.0-arm64-arm-64bit,3.11.7,2.3.4,8,Apple M1,,,4.3758,50.8713,8.0,machine,N,1.0
2024-04-23T09:55:13,codecarbon,4c3a9cf2-906a-4db2-998f-8f6a855a099a,4.412905931472778,1.538659394091103e-06,3.486726021321704e-07,5.0,0.0,3.0,6.128508183691236e-06,0,3.6767415205637616e-06,9.805249704254998e-06,Belgium,BEL,brussels capital,,,macOS-14.0-arm64-arm-64bit,3.11.7,2.3.4,8,Apple M1,,,4.3758,50.8713,8.0,machine,N,1.0
2024-04-23T10:31:12,codecarbon,939ee5bb-5a88-4c7c-9192-f503862aa6a3,4.738207101821899,1.6520450097652277e-06,3.486645843593447e-07,5.0,0.0,3.0,6.580164035161336e-06,0,3.947646021842956e-06,1.0527810057004293e-05,Belgium,BEL,brussels capital,,,macOS-14.0-arm64-arm-64bit,3.11.7,2.3.4,8,Apple M1,,,4.3758,50.8713,8.0,machine,N,1.0
2024-04-23T10:33:15,codecarbon,6a442238-ae6b-4ae8-ae0b-a5e37b355f94,0.0037307739257812,6.300577304098341e-10,1.6888124098216317e-07,5.0,0.0,3.0,2.844466103447808e-09,0,1.170635223388672e-09,4.01510132683648e-09,Belgium,BEL,brussels capital,,,macOS-14.0-arm64-arm-64bit,3.11.7,2.3.4,8,Apple M1,,,4.3758,50.8713,8.0,machine,N,1.0
2024-04-23T10:33:38,codecarbon,eed4c1b8-b051-4fbb-9113-fbebf00d675d,5.030371904373169,1.7530177107887798e-06,3.484867012048928e-07,5.0,0.0,3.0,6.983207000626457e-06,0,4.188060959180196e-06,1.1171267959806654e-05,Belgium,BEL,brussels capital,,,macOS-14.0-arm64-arm-64bit,3.11.7,2.3.4,8,Apple M1,,,4.3758,50.8713,8.0,machine,N,1.0
2024-04-23T10:36:51,codecarbon,5147ed0b-f907-46ce-a9fb-87663ee79894,28.506582021713257,9.9188344087859e-06,3.479489193488997e-07,5.0,0.0,3.0,3.951214452584585e-05,0,2.3696547746658324e-05,6.320869227250417e-05,Belgium,BEL,brussels capital,,,macOS-14.0-arm64-arm-64bit,3.11.7,2.3.4,8,Apple M1,,,4.3758,50.8713,8.0,machine,N,1.0
2024-04-23T10:37:37,codecarbon,d8d0034a-638b-4bf4-80c4-c5706cddedb8,29.516124963760376,1.0287609019166629e-05,3.485419929546192e-07,5.0,0.0,3.0,4.098636110623677e-05,0,2.4572381575902305e-05,6.555874268213908e-05,Belgium,BEL,brussels capital,,,macOS-14.0-arm64-arm-64bit,3.11.7,2.3.4,8,Apple M1,,,4.3758,50.8713,8.0,machine,N,1.0
2024-04-23T10:53:45,codecarbon,7fd3a1be-eba1-4922-89e4-8a43cd3f4b2c,3.0894038677215576,1.0770394802984928e-06,3.486237236741766e-07,5.0,0.0,3.0,4.290160867902968e-06,0,2.573373119036357e-06,6.863533986939325e-06,Belgium,BEL,brussels capital,,,macOS-14.0-arm64-arm-64bit,3.11.7,2.3.4,8,Apple M1,,,4.3758,50.8713,8.0,machine,N,1.0
2024-04-23T10:54:25,codecarbon,65028870-e005-4aa1-b8fb-f5bad42e2996,33.883800983428955,1.18114200603656e-05,3.485860416351175e-07,5.0,0.0,3.0,4.704852998256683e-05,0,2.8220839897791545e-05,7.52693698803584e-05,Belgium,BEL,brussels capital,,,macOS-14.0-arm64-arm-64bit,3.11.7,2.3.4,8,Apple M1,,,4.3758,50.8713,8.0,machine,N,1.0
2024-04-23T10:55:05,codecarbon,04e8a413-9c5b-4aaa-ba74-78c83982c3c3,36.72580313682556,1.2748940787733794e-05,3.4713851567074986e-07,5.0,0.0,3.0,5.079896152019501e-05,0,3.044484615325928e-05,8.124380767345429e-05,Belgium,BEL,brussels capital,,,macOS-14.0-arm64-arm-64bit,3.11.7,2.3.4,8,Apple M1,,,4.3758,50.8713,8.0,machine,N,1.0
2024-04-23T11:01:03,codecarbon,82212793-d2b2-4f69-8761-2e4161f08254,3.5805439949035645,1.2483294861394828e-06,3.486424096216431e-07,5.0,0.0,3.0,4.972251918580797e-06,0,2.982843518257141e-06,7.955095436837938e-06,Belgium,BEL,brussels capital,,,macOS-14.0-arm64-arm-64bit,3.11.7,2.3.4,8,Apple M1,,,4.3758,50.8713,8.0,machine,N,1.0
2024-04-23T11:02:07,codecarbon,68ce8595-bd26-4f5a-8fc7-8f32607bb27e,23.474746227264404,8.167623668565884e-06,3.479323520473127e-07,5.0,0.0,3.0,3.2550965083969966e-05,0,1.949797431627909e-05,5.204893940024906e-05,Belgium,BEL,brussels capital,,,macOS-14.0-arm64-arm-64bit,3.11.7,2.3.4,8,Apple M1,,,4.3758,50.8713,8.0,machine,N,1.0
2024-04-23T11:03:22,codecarbon,a2962421-8a2b-4799-8e4d-a7530c4227d3,2.252491950988769,7.852872502246168e-07,3.486304356736554e-07,5.0,0.0,3.0,3.1278666522767806e-06,0,1.8764491875966392e-06,5.00431583987342e-06,Belgium,BEL,brussels capital,,,macOS-14.0-arm64-arm-64bit,3.11.7,2.3.4,8,Apple M1,,,4.3758,50.8713,8.0,machine,N,1.0
2024-04-23T11:03:51,codecarbon,4a1fe56f-e2ab-4120-830f-624207d09283,23.63140106201172,8.233279527233443e-06,3.484042061504648e-07,5.0,0.0,3.0,3.280483484268188e-05,0,1.96625026067098e-05,5.246733744939168e-05,Belgium,BEL,brussels capital,,,macOS-14.0-arm64-arm-64bit,3.11.7,2.3.4,8,Apple M1,,,4.3758,50.8713,8.0,machine,N,1.0
2024-04-23T11:26:26,codecarbon,c87859f5-0129-4e07-9d84-5d30b18e8fac,2.780368089675904,9.69158155626191e-07,3.4857188845782e-07,5.0,0.0,3.0,3.860662711991204e-06,0,2.315387527147929e-06,6.176050239139132e-06,Belgium,BEL,brussels capital,,,macOS-14.0-arm64-arm-64bit,3.11.7,2.3.4,8,Apple M1,,,4.3758,50.8713,8.0,machine,N,1.0
2024-04-23T11:26:32,codecarbon,831fe8bc-f00f-4ad1-b8cf-06320ed00f77,4.674012899398804,1.6296628080219693e-06,3.48664593593994e-07,5.0,0.0,3.0,6.491070654657152e-06,0,3.894106745719909e-06,1.0385177400377062e-05,Belgium,BEL,brussels capital,,,macOS-14.0-arm64-arm-64bit,3.11.7,2.3.4,8,Apple M1,,,4.3758,50.8713,8.0,machine,N,1.0
2024-04-23T11:26:48,codecarbon,a883a2b9-06fc-4ff2-90c3-8c723bedf6fd,2.1113169193267822,7.360670792169041e-07,3.486293660980123e-07,5.0,0.0,3.0,2.9318398899502225e-06,0,1.758815844853719e-06,4.690655734803941e-06,Belgium,BEL,brussels capital,,,macOS-14.0-arm64-arm-64bit,3.11.7,2.3.4,8,Apple M1,,,4.3758,50.8713,8.0,machine,N,1.0
2024-04-23T11:27:15,codecarbon,faf35c63-1c2d-4b1c-9b72-b3ff85c025db,23.591795206069943,8.224464819424815e-06,3.4861547192935697e-07,5.0,0.0,3.0,3.276059991783566e-05,0,1.9650564988454184e-05,5.241116490628984e-05,Belgium,BEL,brussels capital,,,macOS-14.0-arm64-arm-64bit,3.11.7,2.3.4,8,Apple M1,,,4.3758,50.8713,8.0,machine,N,1.0
2024-04-23T11:27:38,codecarbon,6444dbde-e0fa-4aeb-bab7-e954e8529bd7,2.7643978595733643,9.631632123370968e-07,3.484170011930714e-07,5.0,0.0,3.0,3.837388753890992e-06,0,2.300458153088888e-06,6.13784690697988e-06,Belgium,BEL,brussels capital,,,macOS-14.0-arm64-arm-64bit,3.11.7,2.3.4,8,Apple M1,,,4.3758,50.8713,8.0,machine,N,1.0
2024-04-23T11:27:44,codecarbon,19d7c507-f8b9-46ba-b814-d697a7f6aa49,4.767361640930176,1.662285334129201e-06,3.48680351802484e-07,5.0,0.0,3.0,6.620856788423326e-06,0,3.972210685412089e-06,1.0593067473835416e-05,Belgium,BEL,brussels capital,,,macOS-14.0-arm64-arm-64bit,3.11.7,2.3.4,8,Apple M1,,,4.3758,50.8713,8.0,machine,N,1.0
2024-04-23T13:25:03,codecarbon,a3bf1933-189b-40fa-93d8-afbbd7732cb4,6.929987907409668,2.416190303183529e-06,3.486572177997735e-07,5.0,0.0,3.0,9.62387356493208e-06,0,5.773523251215617e-06,1.53973968161477e-05,Belgium,BEL,flanders,,,macOS-14.0-arm64-arm-64bit,3.11.7,2.3.4,8,Apple M1,,,4.4432,51.2069,8.0,machine,N,1.0
2024-04-23T13:25:16,codecarbon,60fdf955-e2c6-4eb9-b0bb-252779b299fe,9.77522611618042,3.408362661687136e-06,3.48673536670978e-07,5.0,0.0,3.0,1.3575647274653116e-05,0,8.14445992310842e-06,2.172010719776153e-05,Belgium,BEL,flanders,,,macOS-14.0-arm64-arm-64bit,3.11.7,2.3.4,8,Apple M1,,,4.4432,51.2069,8.0,machine,N,1.0
2024-04-23T13:54:07,codecarbon,c6f5ee1b-7505-452a-b7ae-d58c407337b0,7.742279767990112,2.6993550581917502e-06,3.4865119048681706e-07,5.0,0.0,3.0,1.0751654042137997e-05,0,6.450236439704896e-06,1.7201890481842893e-05,Belgium,BEL,flanders,,,macOS-14.0-arm64-arm-64bit,3.11.7,2.3.4,8,Apple M1,,,4.4432,51.2069,8.0,machine,N,1.0
2024-04-23T13:56:22,codecarbon,e73d23a6-30dc-4a23-bd34-d61c5c874417,23.016334056854248,8.020857651285729e-06,3.4848545521944765e-07,5.0,0.0,3.0,3.195078770319621e-05,0,1.916287163893381e-05,5.111365934213003e-05,Belgium,BEL,flanders,,,macOS-14.0-arm64-arm-64bit,3.11.7,2.3.4,8,Apple M1,,,4.4432,51.2069,8.0,machine,N,1.0
2024-04-23T13:59:19,codecarbon,9c6c00b0-06a2-4264-8276-d868f021cffe,88.46601581573486,3.082813921283589e-05,3.484743709612465e-07,5.0,0.0,3.0,0.0001228194789754,0,7.363569756348928e-05,0.0001964551765388,Belgium,BEL,flanders,,,macOS-14.0-arm64-arm-64bit,3.11.7,2.3.4,8,Apple M1,,,4.4432,51.2069,8.0,machine,N,1.0
2024-04-23T14:00:21,codecarbon,6e3be367-4c05-4ac1-8934-e7d4d0aefd31,10.054709196090698,3.505941847206752e-06,3.486865486442783e-07,5.0,0.0,3.0,1.3964119553565978e-05,0,8.377820054690044e-06,2.2341939608256023e-05,Belgium,BEL,flanders,,,macOS-14.0-arm64-arm-64bit,3.11.7,2.3.4,8,Apple M1,,,4.4432,51.2069,8.0,machine,N,1.0
2024-04-23T14:02:14,codecarbon,b7c23483-2297-4012-8423-3b3121bdf5e6,4.526843070983887,1.5782193935198255e-06,3.486357642119031e-07,5.0,0.0,3.0,6.286230352189806e-06,0,3.771119117736817e-06,1.0057349469926622e-05,Belgium,BEL,flanders,,,macOS-14.0-arm64-arm-64bit,3.11.7,2.3.4,8,Apple M1,,,4.4432,51.2069,8.0,machine,N,1.0
2024-04-23T14:02:26,codecarbon,5391535e-e1ea-4fe0-add5-8375514169e6,10.58265495300293,3.6900255605149272e-06,3.486861829004306e-07,5.0,0.0,3.0,1.4697242776552835e-05,0,8.817787369092304e-06,2.3515030145645143e-05,Belgium,BEL,flanders,,,macOS-14.0-arm64-arm-64bit,3.11.7,2.3.4,8,Apple M1,,,4.4432,51.2069,8.0,machine,N,1.0
2024-04-23T14:03:33,codecarbon,8d8ad0dd-276c-43fa-bf24-dbe9188da861,11.437077045440674,3.987860883346266e-06,3.4867832642047333e-07,5.0,0.0,3.0,1.588357753223843e-05,0,9.529435833295186e-06,2.5413013365533617e-05,Belgium,BEL,flanders,,,macOS-14.0-arm64-arm-64bit,3.11.7,2.3.4,8,Apple M1,,,4.4432,51.2069,8.0,machine,N,1.0
2024-04-23T14:05:10,codecarbon,2475a0d8-bc6e-4e3f-a04c-7b71c8c73d24,95.31420421600342,3.31918019420396e-05,3.482356298838682e-07,5.0,0.0,3.0,0.0001322498904334,0,7.926794608434043e-05,0.0002115178365177,Belgium,BEL,flanders,,,macOS-14.0-arm64-arm-64bit,3.11.7,2.3.4,8,Apple M1,,,4.4432,51.2069,8.0,machine,N,1.0
2024-04-23T14:11:41,codecarbon,513879e9-5cea-40ea-a4d4-acf890c4c248,84.39036107063293,2.939983896240989e-05,3.483791109484986e-07,5.0,0.0,3.0,0.0001171309262514,0,7.0222274462382e-05,0.0001873532007137,Belgium,BEL,flanders,,,macOS-14.0-arm64-arm-64bit,3.11.7,2.3.4,8,Apple M1,,,4.4432,51.2069,8.0,machine,N,1.0
2024-04-23T14:16:56,codecarbon,e930ed6b-3c72-400e-bb46-7df3dd817cbd,10.585270166397097,3.690829755535126e-06,3.486760089744004e-07,5.0,0.0,3.0,1.4700493216514588e-05,0,8.819661736488344e-06,2.352015495300293e-05,Belgium,BEL,flanders,,,macOS-14.0-arm64-arm-64bit,3.11.7,2.3.4,8,Apple M1,,,4.4432,51.2069,8.0,machine,N,1.0
2024-04-23T14:18:20,codecarbon,332748f5-ec41-4400-a9b3-bf45594d0f4e,83.33750891685486,2.8984295499054065e-05,3.477941190679392e-07,5.0,0.0,3.0,0.000115497634477,0,6.920747697353363e-05,0.0001847051114506,Belgium,BEL,flanders,,,macOS-14.0-arm64-arm-64bit,3.11.7,2.3.4,8,Apple M1,,,4.4432,51.2069,8.0,machine,N,1.0
2024-04-23T14:22:38,codecarbon,d9421c8d-91d5-4995-bb1c-ce32f183800d,1.8385181427001955,6.408181906783581e-07,3.485514642445688e-07,5.0,0.0,3.0,2.552559971809387e-06,0,1.5311133861541747e-06,4.083673357963562e-06,Belgium,BEL,flanders,,,macOS-14.0-arm64-arm-64bit,3.11.7,2.3.4,8,Apple M1,,,4.4432,51.2069,8.0,machine,N,1.0
2024-04-23T14:22:55,codecarbon,736fd734-fd0f-4d5f-935c-f5629c161df7,15.62209701538086,5.417329670228694e-06,3.467735263002796e-07,5.0,0.0,3.0,2.1601007713211907e-05,0,1.2921428084373477e-05,3.452243579758538e-05,Belgium,BEL,flanders,,,macOS-14.0-arm64-arm-64bit,3.11.7,2.3.4,8,Apple M1,,,4.4432,51.2069,8.0,machine,N,1.0
2024-04-23T14:24:12,codecarbon,0a0673d3-1398-4e5f-92ff-4994307155de,5.030543088912964,1.7538134982494515e-06,3.486330337006274e-07,5.0,0.0,3.0,6.985626618067423e-06,0,4.190712571144104e-06,1.1176339189211528e-05,Belgium,BEL,flanders,,,macOS-14.0-arm64-arm-64bit,3.11.7,2.3.4,8,Apple M1,,,4.4432,51.2069,8.0,machine,N,1.0
2024-04-23T14:24:23,codecarbon,0fc6855f-19a5-4926-a16f-6c2bb3de5594,9.620688199996948,3.354587287398577e-06,3.4868475286410813e-07,5.0,0.0,3.0,1.3361136118570964e-05,0,8.016282518704732e-06,2.1377418637275696e-05,Belgium,BEL,flanders,,,macOS-14.0-arm64-arm-64bit,3.11.7,2.3.4,8,Apple M1,,,4.4432,51.2069,8.0,machine,N,1.0
2024-04-23T14:25:21,codecarbon,77a7ab59-6ffd-4e3c-a541-f7f90e680187,2.0884718894958496,7.279849722658265e-07,3.485730288864744e-07,5.0,0.0,3.0,2.8997527228461376e-06,0,1.739399035771688e-06,4.639151758617826e-06,Belgium,BEL,flanders,,,macOS-14.0-arm64-arm-64bit,3.11.7,2.3.4,8,Apple M1,,,4.4432,51.2069,8.0,machine,N,1.0
2024-04-23T14:25:39,codecarbon,4cf955e4-ca43-4407-b87e-dd1d90c4bc44,16.657859086990356,5.773733975345823e-06,3.466072047550852e-07,5.0,0.0,3.0,2.3004587822490267e-05,0,1.3789067467053731e-05,3.679365528954399e-05,Belgium,BEL,flanders,,,macOS-14.0-arm64-arm-64bit,3.11.7,2.3.4,8,Apple M1,,,4.4432,51.2069,8.0,machine,N,1.0
2024-04-23T16:32:55,codecarbon,9aa8f088-cea0-4b1a-84da-634d57729211,4.451052188873291,1.5518262246852452e-06,3.4864255884585885e-07,5.0,0.0,3.0,6.181143058670892e-06,0,3.708013494809469e-06,9.88915655348036e-06,Belgium,BEL,flanders,,,macOS-14.0-arm64-arm-64bit,3.11.7,2.3.4,8,Apple M1,,,4.4432,51.2069,8.0,machine,N,1.0
2024-04-23T16:33:06,codecarbon,0e73d4a0-4695-44c8-b7b9-720098b0566c,8.986474990844727,3.133465322893196e-06,3.486868128031869e-07,5.0,0.0,3.0,1.248042517238193e-05,0,7.487873236338297e-06,1.996829840872023e-05,Belgium,BEL,flanders,,,macOS-14.0-arm64-arm-64bit,3.11.7,2.3.4,8,Apple M1,,,4.4432,51.2069,8.0,machine,N,1.0
2024-04-23T16:33:56,codecarbon,98cbf142-1229-492b-af98-843a255bef20,1.7023489475250244,5.933820954883099e-07,3.485666651076467e-07,5.0,0.0,3.0,2.3635874191919964e-06,0,1.4177950223286949e-06,3.781382441520691e-06,Belgium,BEL,flanders,,,macOS-14.0-arm64-arm-64bit,3.11.7,2.3.4,8,Apple M1,,,4.4432,51.2069,8.0,machine,N,1.0
2024-04-23T16:34:11,codecarbon,58595cf5-a2ad-4b7f-b20b-6dfe7e602460,13.351213932037354,4.655524463557932e-06,3.486967168121404e-07,5.0,0.0,3.0,1.854257219367557e-05,0,1.1125189264615376e-05,2.9667761458290948e-05,Belgium,BEL,flanders,,,macOS-14.0-arm64-arm-64bit,3.11.7,2.3.4,8,Apple M1,,,4.4432,51.2069,8.0,machine,N,1.0
2024-04-23T16:42:12,codecarbon,69320b06-2951-4442-bca6-87a02255f40d,3.329103946685791,1.1605250810572838e-06,3.485998333613513e-07,5.0,0.0,3.0,4.622602793905471e-06,0,2.772950927416484e-06,7.395553721321954e-06,Belgium,BEL,flanders,,,macOS-14.0-arm64-arm-64bit,3.11.7,2.3.4,8,Apple M1,,,4.4432,51.2069,8.0,machine,N,1.0
2024-04-23T16:42:22,codecarbon,2ea6c1e9-2ca1-4889-8b3d-20aca732cadb,9.088901042938232,3.1691692455485138e-06,3.486856365336765e-07,5.0,0.0,3.0,1.2622654106881885e-05,0,7.57317086060842e-06,2.0195824967490305e-05,Belgium,BEL,flanders,,,macOS-14.0-arm64-arm-64bit,3.11.7,2.3.4,8,Apple M1,,,4.4432,51.2069,8.0,machine,N,1.0
2024-04-23T16:43:36,codecarbon,c03dfa16-f7a1-46e9-8538-f291bb86d0d5,6.281298875808716,2.1901294846340023e-06,3.486746177719531e-07,5.0,0.0,3.0,8.723260958989462e-06,0,5.233542323112488e-06,1.395680328210195e-05,Belgium,BEL,flanders,,,macOS-14.0-arm64-arm-64bit,3.11.7,2.3.4,8,Apple M1,,,4.4432,51.2069,8.0,machine,N,1.0
2024-04-23T16:45:16,codecarbon,5ef649bc-ae56-45b4-9ffa-b979237e096e,50.886614084243774,1.7735380413270395e-05,3.485274218463255e-07,5.0,0.0,3.0,7.064648071924845e-05,0,4.237387597560883e-05,0.0001130203566948,Belgium,BEL,flanders,,,macOS-14.0-arm64-arm-64bit,3.11.7,2.3.4,8,Apple M1,,,4.4432,51.2069,8.0,machine,N,1.0
2024-04-23T17:09:23,codecarbon,566b7f94-810a-4a1e-a72d-3a293826c6ee,5.142500162124634,1.7928847680095832e-06,3.4864068283642975e-07,5.0,0.0,3.0,7.141244411468506e-06,0,4.284080068270366e-06,1.1425324479738871e-05,Belgium,BEL,flanders,,,macOS-14.0-arm64-arm-64bit,3.11.7,2.3.4,8,Apple M1,,,4.4432,51.2069,8.0,machine,N,1.0
2024-04-23T17:09:34,codecarbon,cb1a7999-9902-4deb-9677-f8ca6de1d2f5,9.408101081848145,3.2804594458891287e-06,3.486845450904434e-07,5.0,0.0,3.0,1.306587788793776e-05,0,7.839154203732808e-06,2.090503209167057e-05,Belgium,BEL,flanders,,,macOS-14.0-arm64-arm-64bit,3.11.7,2.3.4,8,Apple M1,,,4.4432,51.2069,8.0,machine,N,1.0
2024-04-23T17:09:56,codecarbon,7d9f49ec-88b4-4e75-be9a-4e99a68a8473,6.959028959274292,2.4264576897044978e-06,3.4867762498254295e-07,5.0,0.0,3.0,9.66450572013855e-06,0,5.798320968945821e-06,1.546282668908437e-05,Belgium,BEL,flanders,,,macOS-14.0-arm64-arm-64bit,3.11.7,2.3.4,8,Apple M1,,,4.4432,51.2069,8.0,machine,N,1.0
2024-04-23T17:10:47,codecarbon,9dd0a9bf-c43d-4bb2-bbe8-f6ddea024f5d,50.20496010780335,1.7502675440262294e-05,3.486244268032365e-07,5.0,0.0,3.0,6.972085270616744e-05,0,4.181656996409098e-05,0.0001115374226702,Belgium,BEL,flanders,,,macOS-14.0-arm64-arm-64bit,3.11.7,2.3.4,8,Apple M1,,,4.4432,51.2069,8.0,machine,N,1.0
2024-04-26T15:15:21,codecarbon,0f2dd27a-2dfb-477e-bf07-0ba378f24f84,2.453400135040283,8.5513834599336e-07,3.485523350960928e-07,5.0,0.0,3.0,3.406527638435364e-06,0,2.042920788129171e-06,5.449448426564535e-06,Belgium,BEL,brussels capital,,,macOS-14.0-arm64-i386-64bit,3.11.7,2.3.4,8,Apple M1,,,4.3758,50.8713,8.0,machine,N,1.0
2024-04-26T15:15:27,codecarbon,04ddd218-e0e4-4eb2-8bb9-01c5f4d86443,4.695044040679932,1.6370187263086109e-06,3.486695145188754e-07,5.0,0.0,3.0,6.520270970132616e-06,0,3.911782701810201e-06,1.0432053671942815e-05,Belgium,BEL,brussels capital,,,macOS-14.0-arm64-i386-64bit,3.11.7,2.3.4,8,Apple M1,,,4.3758,50.8713,8.0,machine,N,1.0
2024-04-26T15:15:37,codecarbon,c9dec178-7c0f-48c3-aefe-465422736ce1,2.954936981201172,1.0302236011097169e-06,3.4864486371920333e-07,5.0,0.0,3.0,4.103451304965549e-06,0,2.46174414952596e-06,6.565195454491509e-06,Belgium,BEL,brussels capital,,,macOS-14.0-arm64-i386-64bit,3.11.7,2.3.4,8,Apple M1,,,4.3758,50.8713,8.0,machine,N,1.0
2024-04-26T15:16:03,codecarbon,08539c10-a5a0-450f-8394-0d60dd4b04ea,25.12857961654663,8.761127658078539e-06,3.4865192508969045e-07,5.0,0.0,3.0,3.489791618453132e-05,0,2.093318243821462e-05,5.583109862274594e-05,Belgium,BEL,brussels capital,,,macOS-14.0-arm64-i386-64bit,3.11.7,2.3.4,8,Apple M1,,,4.3758,50.8713,8.0,machine,N,1.0
2024-04-27T21:45:24,codecarbon,e7572a83-0980-4b51-be93-a74f9f0fff47,2.6876111030578613,9.369805650517676e-07,3.486295186032335e-07,5.0,0.0,3.0,3.7321580780877007e-06,0,2.238837480545044e-06,5.970995558632744e-06,Belgium,BEL,brussels capital,,,macOS-14.0-arm64-i386-64bit,3.11.7,2.3.4,8,Apple M1,,,4.3758,50.8713,8.0,machine,N,1.0
2024-04-27T21:45:30,codecarbon,223d8386-188b-46f1-90bc-b4801fcc86f8,4.543466091156006,1.5841625508149466e-06,3.486682895903123e-07,5.0,0.0,3.0,6.309762597084045e-06,0,3.785460193951924e-06,1.009522279103597e-05,Belgium,BEL,brussels capital,,,macOS-14.0-arm64-i386-64bit,3.11.7,2.3.4,8,Apple M1,,,4.3758,50.8713,8.0,machine,N,1.0
2024-04-27T21:45:40,codecarbon,f85ca2f0-7b5c-4469-aac3-36b018a2622c,2.9144539833068848,1.0161291641611525e-06,3.486516410899724e-07,5.0,0.0,3.0,4.047304060724046e-06,0,2.428073287010193e-06,6.47537734773424e-06,Belgium,BEL,brussels capital,,,macOS-14.0-arm64-i386-64bit,3.11.7,2.3.4,8,Apple M1,,,4.3758,50.8713,8.0,machine,N,1.0
2024-04-27T21:46:06,codecarbon,2fe3dace-1790-4a77-881f-5b7ef4d64ddc,25.3298728466034,8.831173800914287e-06,3.486465903084272e-07,5.0,0.0,3.0,3.51779450972875e-05,0,2.1099529067675272e-05,5.627747416496277e-05,Belgium,BEL,brussels capital,,,macOS-14.0-arm64-i386-64bit,3.11.7,2.3.4,8,Apple M1,,,4.3758,50.8713,8.0,machine,N,1.0
2024-05-12T20:06:18,codecarbon,f9fd3fa8-d3f0-4cf0-b845-23fd57d98913,0.0119447708129882,3.357224777274662e-09,2.8106230164116216e-07,5.0,0.0,3.0,1.4040205213758682e-08,0,7.354021072387694e-09,2.1394226286146376e-08,Belgium,BEL,wallonia,,,macOS-14.0-arm64-arm-64bit,3.11.7,2.3.4,8,Apple M1,,,5.5736,50.6336,8.0,machine,N,1.0
2024-05-12T20:06:46,codecarbon,921f0d58-0b96-49bf-9055-38d27c8f6b82,0.0200459957122802,6.07392654299736e-09,3.029994932741826e-07,5.0,0.0,3.0,2.487500508626302e-08,0,1.3831655184427898e-08,3.8706660270690926e-08,Belgium,BEL,wallonia,,,macOS-14.0-arm64-arm-64bit,3.11.7,2.3.4,8,Apple M1,,,5.5736,50.6336,8.0,machine,N,1.0
2024-05-12T20:07:10,codecarbon,b0a79c93-7872-457b-a6bf-e5ede71c093c,0.0159478187561035,4.882360232538647e-09,3.061459568362652e-07,5.0,0.0,3.0,2.0569231775071888e-08,0,1.0544061660766602e-08,3.1113293435838486e-08,Belgium,BEL,wallonia,,,macOS-14.0-arm64-arm-64bit,3.11.7,2.3.4,8,Apple M1,,,5.5736,50.6336,8.0,machine,N,1.0
2024-05-12T20:07:28,codecarbon,6c857a61-24af-4ba9-8fd5-212084cd77d9,0.0140712261199951,4.378727671040431e-09,3.1118309333529133e-07,5.0,0.0,3.0,1.7852915657891172e-08,0,1.005093256632487e-08,2.790384822421604e-08,Belgium,BEL,wallonia,,,macOS-14.0-arm64-arm-64bit,3.11.7,2.3.4,8,Apple M1,,,5.5736,50.6336,8.0,machine,N,1.0
2024-05-12T20:07:58,codecarbon,1ab8cda8-18b3-4f03-94cf-cbc806adad05,0.0150699615478515,4.759915403922399e-09,3.158545155412817e-07,5.0,0.0,3.0,1.946389675140381e-08,0,1.0869105656941732e-08,3.033300240834554e-08,Belgium,BEL,wallonia,,,macOS-14.0-arm64-arm-64bit,3.11.7,2.3.4,8,Apple M1,,,5.5736,50.6336,8.0,machine,N,1.0
2024-05-12T20:10:22,codecarbon,b15f6780-edec-4fb1-9f23-9641222aba5a,0.0906901359558105,3.1392798414097894e-08,3.461544972144961e-07,5.0,0.0,3.0,1.2528763877020945e-07,0,7.476588090260827e-08,2.000535196728177e-07,Belgium,BEL,wallonia,,,macOS-14.0-arm64-arm-64bit,3.11.7,2.3.4,8,Apple M1,,,5.5736,50.6336,8.0,machine,N,1.0
2024-05-12T20:12:15,codecarbon,ebaa43eb-36a1-4a6c-a7d0-292343fd5954,4.727971076965332,1.6484893603475888e-06,3.4866739527638535e-07,5.0,0.0,3.0,6.565951307614644e-06,0,3.939200043678283e-06,1.0505151351292929e-05,Belgium,BEL,wallonia,,,macOS-14.0-arm64-arm-64bit,3.11.7,2.3.4,8,Apple M1,,,5.5736,50.6336,8.0,machine,N,1.0
2024-05-12T20:13:03,codecarbon,6b4b7bf9-28a2-4a1a-b3fe-8ae41c0100d2,8.387791156768799,2.903821720021301e-06,3.461962351885656e-07,5.0,0.0,3.0,1.157204740577274e-05,0,6.932825843493144e-06,1.8504873249265885e-05,Belgium,BEL,wallonia,,,macOS-14.0-arm64-arm-64bit,3.11.7,2.3.4,8,Apple M1,,,5.5736,50.6336,8.0,machine,N,1.0
2024-05-12T20:13:57,codecarbon,f3d21bd3-53ff-40e3-bb80-3166cacf63a5,8.597415924072266,2.9914045770763027e-06,3.479422891127721e-07,5.0,0.0,3.0,1.1915919846958584e-05,0,7.147083282470703e-06,1.906300312942929e-05,Belgium,BEL,wallonia,,,macOS-14.0-arm64-arm-64bit,3.11.7,2.3.4,8,Apple M1,,,5.5736,50.6336,8.0,machine,N,1.0
2024-05-12T20:14:28,codecarbon,43a09c4b-ee33-4a91-9373-c15a1645659a,21.482834100723267,7.461523407469059e-06,3.473249093897649e-07,5.0,0.0,3.0,2.973411944177416e-05,0,1.7815130551656086e-05,4.754924999343024e-05,Belgium,BEL,wallonia,,,macOS-14.0-arm64-arm-64bit,3.11.7,2.3.4,8,Apple M1,,,5.5736,50.6336,8.0,machine,N,1.0
2024-05-12T20:15:20,codecarbon,5115f60c-bfed-48c3-868f-a110641d1ecf,4.484144926071167,1.5634286152627734e-06,3.4865702180428605e-07,5.0,0.0,3.0,6.22717903720008e-06,0,3.7359148263931273e-06,9.963093863593207e-06,Belgium,BEL,wallonia,,,macOS-14.0-arm64-arm-64bit,3.11.7,2.3.4,8,Apple M1,,,5.5736,50.6336,8.0,machine,N,1.0
2024-05-12T20:15:32,codecarbon,de19cc26-1e88-4b5f-9d6a-8ae47a334f49,9.866429805755615,3.43601839862042e-06,3.4825346820143666e-07,5.0,0.0,3.0,1.368633442454868e-05,0,8.2100115219752e-06,2.189634594652388e-05,Belgium,BEL,wallonia,,,macOS-14.0-arm64-arm-64bit,3.11.7,2.3.4,8,Apple M1,,,5.5736,50.6336,8.0,machine,N,1.0
2024-05-12T20:15:41,codecarbon,17aaa7c1-72b8-4e5a-913b-009175a791e7,8.766300916671753,3.056641211338706e-06,3.486808450215968e-07,5.0,0.0,3.0,1.2174478835529752e-05,0,7.304250796635946e-06,1.94787296321657e-05,Belgium,BEL,wallonia,,,macOS-14.0-arm64-arm-64bit,3.11.7,2.3.4,8,Apple M1,,,5.5736,50.6336,8.0,machine,N,1.0
2024-05-12T20:16:13,codecarbon,2a35f545-f6a5-491f-92b3-73ce1ada90ac,4.931682825088501,1.7195470292450325e-06,3.486734833183792e-07,5.0,0.0,3.0,6.84896641307407e-06,0,4.109006524085999e-06,1.0957972937160068e-05,Belgium,BEL,wallonia,,,macOS-14.0-arm64-arm-64bit,3.11.7,2.3.4,8,Apple M1,,,5.5736,50.6336,8.0,machine,N,1.0
2024-05-12T20:16:24,codecarbon,e11586a0-cece-4eda-8a55-bc063d6782b5,9.880706071853638,3.4226660509124067e-06,3.463989340460473e-07,5.0,0.0,3.0,1.363671686914232e-05,0,8.174540003140768e-06,2.181125687228309e-05,Belgium,BEL,wallonia,,,macOS-14.0-arm64-arm-64bit,3.11.7,2.3.4,8,Apple M1,,,5.5736,50.6336,8.0,machine,N,1.0
2024-05-12T20:16:48,codecarbon,e4b03872-cd72-4fdb-8058-65bbd7ce139c,22.62625408172608,7.87867687170797e-06,3.482095110949508e-07,5.0,0.0,3.0,3.138580256038242e-05,0,1.8821796576182045e-05,5.020759913656447e-05,Belgium,BEL,wallonia,,,macOS-14.0-arm64-arm-64bit,3.11.7,2.3.4,8,Apple M1,,,5.5736,50.6336,8.0,machine,N,1.0
2024-05-13T12:32:57,codecarbon,2a6fe5d0-6cd3-4ad7-9b52-b914681c3051,3.40779972076416,1.1881451196383105e-06,3.486546208683539e-07,5.0,0.0,3.0,4.732469386524624e-06,0,2.83909559249878e-06,7.571564979023403e-06,Belgium,BEL,wallonia,,,macOS-14.0-arm64-arm-64bit,3.11.7,2.3.4,8,Apple M1,,,5.5736,50.6336,8.0,machine,N,1.0
2024-05-13T12:33:06,codecarbon,50e5e895-b74e-4853-a524-f5ea87bf51f8,7.168191909790039,2.490181035999722e-06,3.473931874785229e-07,5.0,0.0,3.0,9.91886125670539e-06,0,5.950048367182413e-06,1.5868909623887804e-05,Belgium,BEL,wallonia,,,macOS-14.0-arm64-arm-64bit,3.11.7,2.3.4,8,Apple M1,,,5.5736,50.6336,8.0,machine,N,1.0
2024-05-13T12:33:23,codecarbon,55ad27d5-e5c7-4e32-9e10-5e35940a87ae,16.410279989242554,5.71778400501172e-06,3.4842696217004853e-07,5.0,0.0,3.0,2.2779460748036705e-05,0,1.365764816602071e-05,3.643710891405742e-05,Belgium,BEL,wallonia,,,macOS-14.0-arm64-arm-64bit,3.11.7,2.3.4,8,Apple M1,,,5.5736,50.6336,8.0,machine,N,1.0
2024-05-13T14:37:45,codecarbon,851f3530-19c7-45e8-83ac-33a7b61d11a7,3.5046191215515137,1.221910003410313e-06,3.486570040938905e-07,5.0,0.0,3.0,4.866943094465467e-06,0,2.9197917381922403e-06,7.786734832657708e-06,Belgium,BEL,wallonia,,,macOS-14.0-arm64-arm-64bit,3.11.7,2.3.4,8,Apple M1,,,5.5736,50.6336,8.0,machine,N,1.0
2024-05-13T14:37:51,codecarbon,5ef08ae9-9ed7-4421-a639-440a8c842fb5,4.050293207168579,1.4114050465089743e-06,3.484698450993476e-07,5.0,0.0,3.0,5.622931983735826e-06,0,3.371377587318421e-06,8.994309571054245e-06,Belgium,BEL,wallonia,,,macOS-14.0-arm64-arm-64bit,3.11.7,2.3.4,8,Apple M1,,,5.5736,50.6336,8.0,machine,N,1.0
2024-05-13T14:38:08,codecarbon,cf8ddfdd-5fda-4467-81f4-8935ec83221c,16.52504873275757,5.744852116928497e-06,3.476450938108576e-07,5.0,0.0,3.0,2.289858063062032e-05,0,1.371102233727773e-05,3.6609602967898045e-05,Belgium,BEL,wallonia,,,macOS-14.0-arm64-arm-64bit,3.11.7,2.3.4,8,Apple M1,,,5.5736,50.6336,8.0,machine,N,1.0
2024-05-13T14:42:04,codecarbon,aa147298-d936-4f16-97c6-cee22cad2085,3.323812961578369,1.158863283787701e-06,3.486547820781694e-07,5.0,0.0,3.0,4.615827732616001e-06,0,2.7691360314687093e-06,7.38496376408471e-06,Belgium,BEL,wallonia,,,macOS-14.0-arm64-arm-64bit,3.11.7,2.3.4,8,Apple M1,,,5.5736,50.6336,8.0,machine,N,1.0
2024-05-13T14:42:09,codecarbon,e081ee49-52ae-412f-b363-2a6ea0bf626a,2.91723108291626,1.0167210709014204e-06,3.485226373925229e-07,5.0,0.0,3.0,4.049905803468492e-06,0,2.429243524869283e-06,6.479149328337775e-06,Belgium,BEL,wallonia,,,macOS-14.0-arm64-arm-64bit,3.11.7,2.3.4,8,Apple M1,,,5.5736,50.6336,8.0,machine,N,1.0
2024-05-13T14:42:24,codecarbon,244b7c9b-01e7-4152-b18f-ab571b01f616,15.213531732559204,5.278839227301545e-06,3.469831542142217e-07,5.0,0.0,3.0,2.10498011774487e-05,0,1.2590091427167255e-05,3.3639892604615954e-05,Belgium,BEL,wallonia,,,macOS-14.0-arm64-arm-64bit,3.11.7,2.3.4,8,Apple M1,,,5.5736,50.6336,8.0,machine,N,1.0
2024-05-13T16:54:20,codecarbon,25585b1b-c023-4970-b33b-a86d266ba511,5.6555798053741455,1.9719471833060845e-06,3.486728595770616e-07,5.0,0.0,3.0,7.85428053802914e-06,0,4.712135791778564e-06,1.2566416329807703e-05,Belgium,BEL,wallonia,,,macOS-14.0-arm64-arm-64bit,3.11.7,2.3.4,8,Apple M1,,,5.5736,50.6336,8.0,machine,N,1.0
2024-05-13T16:54:27,codecarbon,31d490ba-e58d-40ce-9d65-59d7817e6c11,5.228570222854614,1.8101477844689955e-06,3.462032080121358e-07,5.0,0.0,3.0,7.214831974771288e-06,0,4.320502678553264e-06,1.1535334653324551e-05,Belgium,BEL,wallonia,,,macOS-14.0-arm64-arm-64bit,3.11.7,2.3.4,8,Apple M1,,,5.5736,50.6336,8.0,machine,N,1.0
2024-05-13T16:54:46,codecarbon,ede46c18-ecfc-466b-a4f5-74f869717d1f,19.16076898574829,6.660153472766877e-06,3.47593224349225e-07,5.0,0.0,3.0,2.6537852485974627e-05,0,1.5904593269030255e-05,4.2442445755004886e-05,Belgium,BEL,wallonia,,,macOS-14.0-arm64-arm-64bit,3.11.7,2.3.4,8,Apple M1,,,5.5736,50.6336,8.0,machine,N,1.0
2024-05-13T17:12:48,codecarbon,60401bc7-46a0-4e55-8bb2-6336863d00b7,3.3659369945526123,1.1735465305015776e-06,3.4865374259851857e-07,5.0,0.0,3.0,4.674316777123345e-06,0,2.804217338562012e-06,7.478534115685357e-06,Belgium,BEL,wallonia,,,macOS-14.0-arm64-arm-64bit,3.11.7,2.3.4,8,Apple M1,,,5.5736,50.6336,8.0,machine,N,1.0
2024-05-13T17:12:52,codecarbon,a448d29a-1178-433c-a198-d8364b7a926c,2.8546817302703857,9.9362019429538e-07,3.480668908758763e-07,5.0,0.0,3.0,3.960003786616855e-06,0,2.371933062871297e-06,6.331936849488152e-06,Belgium,BEL,wallonia,,,macOS-14.0-arm64-arm-64bit,3.11.7,2.3.4,8,Apple M1,,,5.5736,50.6336,8.0,machine,N,1.0
2024-05-13T17:13:07,codecarbon,3efba32d-d072-40f6-bf3b-03748dfaee18,14.627094984054564,5.092690018763542e-06,3.481682469632717e-07,5.0,0.0,3.0,2.029025852680206e-05,0,1.216338098049164e-05,3.24536395072937e-05,Belgium,BEL,wallonia,,,macOS-14.0-arm64-arm-64bit,3.11.7,2.3.4,8,Apple M1,,,5.5736,50.6336,8.0,machine,N,1.0
2024-05-13T17:22:12,codecarbon,668b57a6-f3f2-42f7-9cea-d6aa23f87dd3,3.40801215171814,1.1881494741098087e-06,3.4863416596411094e-07,5.0,0.0,3.0,4.732658465703329e-06,0,2.838934262593588e-06,7.571592728296916e-06,Belgium,BEL,wallonia,,,macOS-14.0-arm64-arm-64bit,3.11.7,2.3.4,8,Apple M1,,,5.5736,50.6336,8.0,machine,N,1.0
2024-05-13T17:22:18,codecarbon,002976c0-cd50-4e16-a3a2-74acf6a9367b,3.7000699043273926,1.2843220925878157e-06,3.4710752115405845e-07,5.0,0.0,3.0,5.115858382648892e-06,0,3.0686032772064207e-06,8.184461659855313e-06,Belgium,BEL,wallonia,,,macOS-14.0-arm64-arm-64bit,3.11.7,2.3.4,8,Apple M1,,,5.5736,50.6336,8.0,machine,N,1.0
2024-05-13T17:22:34,codecarbon,3fcf820c-0231-44d7-abe2-a60dbb209c8b,16.008975744247437,5.571734656835396e-06,3.480381722008361e-07,5.0,0.0,3.0,2.219823698202769e-05,0,1.3308158914248148e-05,3.5506395896275834e-05,Belgium,BEL,wallonia,,,macOS-14.0-arm64-arm-64bit,3.11.7,2.3.4,8,Apple M1,,,5.5736,50.6336,8.0,machine,N,1.0
2024-05-13T17:25:55,codecarbon,b1b3972e-c03c-42b2-a5a5-906ea618c6c7,3.7243242263793945,1.2985037540692754e-06,3.486548633096902e-07,5.0,0.0,3.0,5.172002977795071e-06,0,3.102832635243734e-06,8.274835613038805e-06,Belgium,BEL,wallonia,,,macOS-14.0-arm64-arm-64bit,3.11.7,2.3.4,8,Apple M1,,,5.5736,50.6336,8.0,machine,N,1.0
2024-05-13T17:26:05,codecarbon,a92bb31e-5192-42dc-9fc4-fab974e6a06e,7.560710906982422,2.634874802903334e-06,3.484956421849156e-07,5.0,0.0,3.0,1.04983389377594e-05,0,6.292645136515299e-06,1.6790984074274698e-05,Belgium,BEL,wallonia,,,macOS-14.0-arm64-arm-64bit,3.11.7,2.3.4,8,Apple M1,,,5.5736,50.6336,8.0,machine,N,1.0
2024-05-13T17:26:25,codecarbon,1e543caf-9154-409f-b7d8-87afad9c655e,19.50991797447205,6.781680193804239e-06,3.47601676371874e-07,5.0,0.0,3.0,2.706627779536777e-05,0,1.615060826142629e-05,4.321688605679407e-05,Belgium,BEL,wallonia,,,macOS-14.0-arm64-arm-64bit,3.11.7,2.3.4,8,Apple M1,,,5.5736,50.6336,8.0,machine,N,1.0
2024-05-13T21:05:34,codecarbon,7e6154ed-d1fd-40bf-ab87-df76362035d8,0.1332879066467285,4.6319344727595654e-08,3.4751348335271146e-07,5.0,0.0,3.0,1.846651236216228e-07,0,1.10509196917216e-07,2.951743205388387e-07,Belgium,BEL,wallonia,,,macOS-14.0-arm64-arm-64bit,3.11.7,2.3.4,8,Apple M1,,,5.5736,50.6336,8.0,machine,N,1.0
2024-05-13T21:08:57,codecarbon,6a029768-adf7-4138-b5a1-80fbf2a83599,0.0862131118774414,2.9885766752031114e-08,3.466499016357981e-07,5.0,0.0,3.0,1.191890901989407e-07,0,7.126073042551677e-08,1.9044982062445746e-07,Belgium,BEL,wallonia,,,macOS-14.0-arm64-arm-64bit,3.11.7,2.3.4,8,Apple M1,,,5.5736,50.6336,8.0,machine,N,1.0
2024-05-13T21:10:32,codecarbon,92f8d4e4-e20c-4f69-8b02-6e506aeca8dd,0.0783889293670654,2.7143520139190893e-08,3.462672645022124e-07,5.0,0.0,3.0,1.0829203658633765e-07,0,6.46825631459554e-08,1.7297459973229304e-07,Belgium,BEL,wallonia,,,macOS-14.0-arm64-arm-64bit,3.11.7,2.3.4,8,Apple M1,,,5.5736,50.6336,8.0,machine,N,1.0
2024-05-13T21:10:46,codecarbon,ad7ad5a2-f0d4-441d-b2ec-525fab2d334d,3.879009246826172,1.3524277415855726e-06,3.486528790030952e-07,5.0,0.0,3.0,5.38690189520518e-06,0,3.231569329897563e-06,8.618471225102742e-06,Belgium,BEL,wallonia,,,macOS-14.0-arm64-arm-64bit,3.11.7,2.3.4,8,Apple M1,,,5.5736,50.6336,8.0,machine,N,1.0
2024-05-13T21:10:50,codecarbon,2057be31-0607-488d-8343-dd090e49bb45,3.770517826080322,1.307528962642087e-06,3.467770271759572e-07,5.0,0.0,3.0,5.208303862147861e-06,0,3.124045729637146e-06,8.332349591785007e-06,Belgium,BEL,wallonia,,,macOS-14.0-arm64-arm-64bit,3.11.7,2.3.4,8,Apple M1,,,5.5736,50.6336,8.0,machine,N,1.0
2024-05-13T21:11:08,codecarbon,1d680299-e858-41eb-8788-989b8204e16c,17.367650032043457,6.05383767199384e-06,3.4856976394759565e-07,5.0,0.0,3.0,2.411721116966672e-05,0,1.4461430907249452e-05,3.8578642076916174e-05,Belgium,BEL,wallonia,,,macOS-14.0-arm64-arm-64bit,3.11.7,2.3.4,8,Apple M1,,,5.5736,50.6336,8.0,machine,N,1.0
2024-05-13T21:12:51,codecarbon,9fffbcc8-40d1-4934-ab21-1dfe12048696,0.1310427188873291,4.5497648681137305e-08,3.471970748733954e-07,5.0,0.0,3.0,1.813981268141005e-07,0,1.0853985945383709e-07,2.899379862679376e-07,Belgium,BEL,wallonia,,,macOS-14.0-arm64-arm-64bit,3.11.7,2.3.4,8,Apple M1,,,5.5736,50.6336,8.0,machine,N,1.0
2024-05-13T21:35:27,codecarbon,745aaa76-42f4-4d79-990b-1661ea13365b,0.1316719055175781,4.57761997540792e-08,3.476535072090082e-07,5.0,0.0,3.0,1.824498176574708e-07,0,1.0926326115926109e-07,2.917130788167319e-07,Belgium,BEL,wallonia,,,macOS-14.0-arm64-arm-64bit,3.11.7,2.3.4,8,Apple M1,,,5.5736,50.6336,8.0,machine,N,1.0
2024-05-13T21:46:26,codecarbon,90702ee2-7457-4dd5-8a14-08428e566c00,3.766203165054321,1.3131132969362206e-06,3.486570531086262e-07,5.0,0.0,3.0,5.230202939775256e-06,0,3.1377333402633665e-06,8.367936280038622e-06,Belgium,BEL,wallonia,,,macOS-14.0-arm64-arm-64bit,3.11.7,2.3.4,8,Apple M1,,,5.5736,50.6336,8.0,machine,N,1.0
2024-05-13T21:59:42,codecarbon,f3282bc0-abab-469a-8b98-3e85c1622ac3,0.1379551887512207,4.791389191349349e-08,3.473148951279987e-07,5.0,0.0,3.0,1.909822225570679e-07,0,1.1435349782307945e-07,3.053357203801473e-07,Belgium,BEL,wallonia,,,macOS-14.0-arm64-arm-64bit,3.11.7,2.3.4,8,Apple M1,,,5.5736,50.6336,8.0,machine,N,1.0
2024-05-13T21:59:43,codecarbon,8b9296ed-7580-4b3d-a00b-4e4a27701730,0.0704777240753173,2.4410055217080644e-08,3.463513548053051e-07,5.0,0.0,3.0,9.737047884199354e-08,0,5.8184862136840817e-08,1.555553409788344e-07,Belgium,BEL,wallonia,,,macOS-14.0-arm64-arm-64bit,3.11.7,2.3.4,8,Apple M1,,,5.5736,50.6336,8.0,machine,N,1.0
2024-05-13T21:59:43,codecarbon,6e48dec8-1d8c-4ffc-b34e-d4c999687179,0.0885829925537109,3.0705633712609615e-08,3.466312531041636e-07,5.0,0.0,3.0,1.224428415298462e-07,0,7.323165734608968e-08,1.956744988759359e-07,Belgium,BEL,wallonia,,,macOS-14.0-arm64-arm-64bit,3.11.7,2.3.4,8,Apple M1,,,5.5736,50.6336,8.0,machine,N,1.0
2024-05-13T21:59:53,codecarbon,988ae430-9fd8-4f94-8e40-7844d5be7d9b,0.1954419612884521,6.78161753722032e-08,3.469888192132575e-07,5.0,0.0,3.0,2.703497807184855e-07,0,1.6181508700052897e-07,4.321648677190145e-07,Belgium,BEL,wallonia,,,macOS-14.0-arm64-arm-64bit,3.11.7,2.3.4,8,Apple M1,,,5.5736,50.6336,8.0,machine,N,1.0
2024-05-13T21:59:57,codecarbon,24f91742-34c3-4e91-914d-8b492a7262b3,4.021759986877441,1.4022363690124622e-06,3.4866237010358765e-07,5.0,0.0,3.0,5.585187342431811e-06,0,3.350693980852764e-06,8.935881323284575e-06,Belgium,BEL,wallonia,,,macOS-14.0-arm64-arm-64bit,3.11.7,2.3.4,8,Apple M1,,,5.5736,50.6336,8.0,machine,N,1.0
2024-05-13T22:00:02,codecarbon,45bec38b-c771-4693-b737-1d55120702f7,4.610337018966675,1.6026702498230669e-06,3.4762539988503416e-07,5.0,0.0,3.0,6.384214096599155e-06,0,3.828950723012288e-06,1.0213164819611442e-05,Belgium,BEL,wallonia,,,macOS-14.0-arm64-arm-64bit,3.11.7,2.3.4,8,Apple M1,,,5.5736,50.6336,8.0,machine,N,1.0
2024-05-13T22:00:22,codecarbon,8298cbeb-c3df-435d-be22-88a7e2844df7,16.160282135009766,5.6334910083324375e-06,3.486010306792848e-07,5.0,0.0,3.0,2.2440349724557665e-05,0,1.345959424972534e-05,3.5899943974283e-05,Belgium,BEL,wallonia,,,macOS-14.0-arm64-arm-64bit,3.11.7,2.3.4,8,Apple M1,,,5.5736,50.6336,8.0,machine,N,1.0
2024-05-13T22:07:00,codecarbon,a828ec82-a1d9-46fe-bb81-c3ed6b898574,0.1408121585845947,4.8928068071206415e-08,3.474704781392314e-07,5.0,0.0,3.0,1.9503037134806322e-07,0,1.1676828066507981e-07,3.117986520131429e-07,Belgium,BEL,wallonia,,,macOS-14.0-arm64-arm-64bit,3.11.7,2.3.4,8,Apple M1,,,5.5736,50.6336,8.0,machine,N,1.0
2024-05-13T22:08:01,codecarbon,e1e13bf4-007a-482c-b8b5-4b1ee4a77d39,0.1369259357452392,4.7576467138793735e-08,3.4746132556883334e-07,5.0,0.0,3.0,1.8965966171688504e-07,0,1.1352578798929853e-07,3.031854497061836e-07,Belgium,BEL,wallonia,,,macOS-14.0-arm64-arm-64bit,3.11.7,2.3.4,8,Apple M1,,,5.5736,50.6336,8.0,machine,N,1.0
2024-05-13T22:08:58,codecarbon,fad73281-2e42-4bce-83dc-546457ddb078,0.1386637687683105,4.816762561665641e-08,3.473699441787016e-07,5.0,0.0,3.0,1.919902033276028e-07,0,1.1496245861053469e-07,3.069526619381375e-07,Belgium,BEL,wallonia,,,macOS-14.0-arm64-arm-64bit,3.11.7,2.3.4,8,Apple M1,,,5.5736,50.6336,8.0,machine,N,1.0
2024-05-13T22:09:06,codecarbon,69c13136-b268-4eb5-be05-0629a4f2252f,0.1029849052429199,3.5755615116490257e-08,3.471927757970959e-07,5.0,0.0,3.0,1.4257364802890353e-07,0,8.528232574462892e-08,2.278559737735325e-07,Belgium,BEL,wallonia,,,macOS-14.0-arm64-arm-64bit,3.11.7,2.3.4,8,Apple M1,,,5.5736,50.6336,8.0,machine,N,1.0
2024-05-13T22:09:38,codecarbon,8f172f0b-eeec-477d-92d4-526ee130fb26,0.1337389945983886,4.6499613612095527e-08,3.4768927156758933e-07,5.0,0.0,3.0,1.8533070882161458e-07,0,1.1099239190419517e-07,2.9632310072580974e-07,Belgium,BEL,wallonia,,,macOS-14.0-arm64-arm-64bit,3.11.7,2.3.4,8,Apple M1,,,5.5736,50.6336,8.0,machine,N,1.0
2024-05-13T22:09:40,codecarbon,f3b5cbbb-7ec6-4423-9bcd-e71dd7626430,0.1082727909088134,3.759260971426964e-08,3.4720274039975426e-07,5.0,0.0,3.0,1.4989674091339114e-07,0,8.966565132141113e-08,2.3956239223480225e-07,Belgium,BEL,wallonia,,,macOS-14.0-arm64-arm-64bit,3.11.7,2.3.4,8,Apple M1,,,5.5736,50.6336,8.0,machine,N,1.0
2024-05-13T22:09:40,codecarbon,f8d700ae-8a3e-45a0-a874-e5df0bea3730,0.0840430259704589,2.9140767602125813e-08,3.467362968626184e-07,5.0,0.0,3.0,1.1622806390126549e-07,0,6.947418053944906e-08,1.8570224444071454e-07,Belgium,BEL,wallonia,,,macOS-14.0-arm64-arm-64bit,3.11.7,2.3.4,8,Apple M1,,,5.5736,50.6336,8.0,machine,N,1.0
2024-05-13T22:09:49,codecarbon,a098c523-101d-4149-8ae4-8349b9e01e6f,0.1905560493469238,6.626784378237194e-08,3.477603781642512e-07,5.0,0.0,3.0,2.64113810327318e-07,0,1.5818417072296148e-07,4.222979810502794e-07,Belgium,BEL,wallonia,,,macOS-14.0-arm64-arm-64bit,3.11.7,2.3.4,8,Apple M1,,,5.5736,50.6336,8.0,machine,N,1.0
2024-05-13T22:09:53,codecarbon,ce4a4f30-fa63-4e46-9c32-3cd6690caf5f,3.748926877975464,1.307088745319446e-06,3.486567724215828e-07,5.0,0.0,3.0,5.2062193552652994e-06,0,3.1233249107996624e-06,8.329544266064962e-06,Belgium,BEL,wallonia,,,macOS-14.0-arm64-arm-64bit,3.11.7,2.3.4,8,Apple M1,,,5.5736,50.6336,8.0,machine,N,1.0
2024-05-13T22:09:57,codecarbon,fe048454-c66c-4c8d-8059-a98e27697bee,3.02349591255188,1.0486237270045282e-06,3.468249196736875e-07,5.0,0.0,3.0,4.177012046178183e-06,0,2.5054399172465006e-06,6.682451963424683e-06,Belgium,BEL,wallonia,,,macOS-14.0-arm64-arm-64bit,3.11.7,2.3.4,8,Apple M1,,,5.5736,50.6336,8.0,machine,N,1.0
2024-05-13T22:10:12,codecarbon,1b585326-e486-4ca0-9f08-9a4732b570a6,14.824618101119995,5.164050079205567e-06,3.483428742636833e-07,5.0,0.0,3.0,2.057424717479282e-05,0,1.233414093653361e-05,3.2908388111326433e-05,Belgium,BEL,wallonia,,,macOS-14.0-arm64-arm-64bit,3.11.7,2.3.4,8,Apple M1,,,5.5736,50.6336,8.0,machine,N,1.0
2024-05-13T22:10:48,codecarbon,e9347dc4-7f37-497c-8a2b-3329e5a16858,2.3863649368286133,8.319702193036344e-07,3.486349495267437e-07,5.0,0.0,3.0,3.313885794745551e-06,0,1.9879215955734254e-06,5.301807390318976e-06,Belgium,BEL,wallonia,,,macOS-14.0-arm64-arm-64bit,3.11.7,2.3.4,8,Apple M1,,,5.5736,50.6336,8.0,machine,N,1.0
2024-05-13T22:11:20,codecarbon,f0f9b11f-d2c8-4252-8c88-65ee9cb42bca,0.1331148147583007,4.6232494325902734e-08,3.4731291486862666e-07,5.0,0.0,3.0,1.8429425027635369e-07,0,1.1032660802205405e-07,2.946208582984077e-07,Belgium,BEL,wallonia,,,macOS-14.0-arm64-arm-64bit,3.11.7,2.3.4,8,Apple M1,,,5.5736,50.6336,8.0,machine,N,1.0
2024-05-13T22:24:12,codecarbon,3c077ada-74e4-4452-b53b-3e28e4ca0ca9,3.156683921813965,1.1005645073705248e-06,3.48645773422286e-07,5.0,0.0,3.0,4.38365274005466e-06,0,2.6297966639200845e-06,7.0134494039747446e-06,Belgium,BEL,wallonia,,,macOS-14.0-arm64-arm-64bit,3.11.7,2.3.4,8,Apple M1,,,5.5736,50.6336,8.0,machine,N,1.0
2024-05-13T22:25:51,codecarbon,b168240f-0176-4ade-90dc-657dd55c5e21,2.695497989654541,9.397410089906056e-07,3.486335410367137e-07,5.0,0.0,3.0,3.743073344230652e-06,0,2.2455133994420368e-06,5.988586743672689e-06,Belgium,BEL,wallonia,,,macOS-14.0-arm64-arm-64bit,3.11.7,2.3.4,8,Apple M1,,,5.5736,50.6336,8.0,machine,N,1.0
2024-05-13T22:33:58,codecarbon,ab1fbd5b-ce20-49aa-9fbd-a349404732fd,10.705638885498049,3.732988168914318e-06,3.486936378893797e-07,5.0,0.0,3.0,1.486826241016388e-05,0,8.92055094242096e-06,2.378881335258484e-05,Belgium,BEL,wallonia,,,macOS-14.0-arm64-arm-64bit,3.11.7,2.3.4,8,Apple M1,,,5.5736,50.6336,8.0,machine,N,1.0
2024-05-13T22:35:12,codecarbon,83c1cccb-8b72-45ee-afc4-d9a0956f74d4,8.567728996276855,2.987463000930548e-06,3.486878497474376e-07,5.0,0.0,3.0,1.1898963650067647e-05,0,7.13892141977946e-06,1.9037885069847108e-05,Belgium,BEL,wallonia,,,macOS-14.0-arm64-arm-64bit,3.11.7,2.3.4,8,Apple M1,,,5.5736,50.6336,8.0,machine,N,1.0
2024-05-13T22:37:09,codecarbon,b20fed3f-f9e5-423f-bf46-5b4b819a9b1e,15.99434518814087,5.560588747895296e-06,3.476596686195217e-07,5.0,0.0,3.0,2.2168776724073624e-05,0,1.326659083366394e-05,3.543536755773757e-05,Belgium,BEL,wallonia,,,macOS-14.0-arm64-arm-64bit,3.11.7,2.3.4,8,Apple M1,,,5.5736,50.6336,8.0,machine,N,1.0
2024-05-13T22:37:26,codecarbon,bac98f5b-9275-41ba-854a-8d72b5c1440c,3.440308094024658,1.1985641436142392e-06,3.483886067343737e-07,5.0,0.0,3.0,4.774669475025601e-06,0,2.86329170068105e-06,7.637961175706651e-06,Belgium,BEL,wallonia,,,macOS-14.0-arm64-arm-64bit,3.11.7,2.3.4,8,Apple M1,,,5.5736,50.6336,8.0,machine,N,1.0
2024-05-13T22:37:45,codecarbon,46642eeb-c15c-4888-82fc-c4bf5459e688,18.81974124908448,6.54789099896325e-06,3.479267282318128e-07,5.0,0.0,3.0,2.6088731818728977e-05,0,1.563831090927124e-05,4.172704272800022e-05,Belgium,BEL,wallonia,,,macOS-14.0-arm64-arm-64bit,3.11.7,2.3.4,8,Apple M1,,,5.5736,50.6336,8.0,machine,N,1.0
2024-05-13T22:38:35,codecarbon,d62f9bb2-a710-4507-bb98-d7dab37ecb41,16.96420407295227,5.905717621928454e-06,3.481281878319615e-07,5.0,0.0,3.0,2.3526366551717125e-05,0,1.410836676756541e-05,3.7634733319282535e-05,Belgium,BEL,wallonia,,,macOS-14.0-arm64-arm-64bit,3.11.7,2.3.4,8,Apple M1,,,5.5736,50.6336,8.0,machine,N,1.0
2024-05-13T22:43:10,codecarbon,a0641f63-17e6-4925-bb1a-7a6525ec9437,2.68157696723938,9.329384307527542e-07,3.479066393209636e-07,5.0,0.0,3.0,3.7164082129796345e-06,0,2.228828469912211e-06,5.945236682891845e-06,Belgium,BEL,wallonia,,,macOS-14.0-arm64-arm-64bit,3.11.7,2.3.4,8,Apple M1,,,5.5736,50.6336,8.0,machine,N,1.0
2024-05-13T22:43:22,codecarbon,668f4b94-b8b4-4492-9010-4a8a9f7b0fa4,11.45166301727295,3.993115254704687e-06,3.486930456023488e-07,5.0,0.0,3.0,1.5904341472519767e-05,0,9.542155861854554e-06,2.544649733437432e-05,Belgium,BEL,wallonia,,,macOS-14.0-arm64-arm-64bit,3.11.7,2.3.4,8,Apple M1,,,5.5736,50.6336,8.0,machine,N,1.0
2024-05-13T22:45:18,codecarbon,bb39a859-9e45-4398-80af-8be6072589bf,2.155956983566284,7.450550721275807e-07,3.455797484860505e-07,5.0,0.0,3.0,2.968204021453857e-06,0,1.779728531837463e-06,4.747932553291321e-06,Belgium,BEL,wallonia,,,macOS-14.0-arm64-arm-64bit,3.11.7,2.3.4,8,Apple M1,,,5.5736,50.6336,8.0,machine,N,1.0
2024-05-13T22:45:43,codecarbon,54ac15fb-2f4e-43f8-a20d-caa0be22b3b7,11.078787088394163,3.863129551884731e-06,3.48696073050419e-07,5.0,0.0,3.0,1.5386651953061424e-05,0,9.231499433517456e-06,2.461815138657888e-05,Belgium,BEL,wallonia,,,macOS-14.0-arm64-arm-64bit,3.11.7,2.3.4,8,Apple M1,,,5.5736,50.6336,8.0,machine,N,1.0
2024-05-13T22:45:58,codecarbon,6d1cffeb-8d4c-46d1-99af-4fcc32e217e4,11.049488067626951,3.852908183501694e-06,3.486956282427269e-07,5.0,0.0,3.0,1.534588469399346e-05,0,9.207130074501038e-06,2.45530147684945e-05,Belgium,BEL,wallonia,,,macOS-14.0-arm64-arm-64bit,3.11.7,2.3.4,8,Apple M1,,,5.5736,50.6336,8.0,machine,N,1.0
2024-05-13T22:46:04,codecarbon,eafa9d42-9822-4e72-88aa-9a291d444f55,3.051512718200684,1.0541897080846628e-06,3.454646286731727e-07,5.0,0.0,3.0,4.199605186780294e-06,0,2.5183165073394776e-06,6.717921694119771e-06,Belgium,BEL,wallonia,,,macOS-14.0-arm64-arm-64bit,3.11.7,2.3.4,8,Apple M1,,,5.5736,50.6336,8.0,machine,N,1.0
2024-05-13T22:46:19,codecarbon,9375070b-5f10-4720-bf7b-0e1db17acf60,12.99158000946045,4.530126835601992e-06,3.486971432499481e-07,5.0,0.0,3.0,1.8043217725223965e-05,0,1.0825435717900596e-05,2.886865344312456e-05,Belgium,BEL,wallonia,,,macOS-14.0-arm64-arm-64bit,3.11.7,2.3.4,8,Apple M1,,,5.5736,50.6336,8.0,machine,N,1.0
2024-05-13T22:47:24,codecarbon,d13f861b-961c-4f0a-88c8-0d6f23fea4bd,12.445635080337524,4.33974782439669e-06,3.486963739803784e-07,5.0,0.0,3.0,1.7284944653511047e-05,0,1.0370500882466634e-05,2.765544553597768e-05,Belgium,BEL,wallonia,,,macOS-14.0-arm64-arm-64bit,3.11.7,2.3.4,8,Apple M1,,,5.5736,50.6336,8.0,machine,N,1.0
2024-05-13T22:48:03,codecarbon,0cdc270b-8fb5-43c0-b122-aace794d1886,4.3260498046875,1.508060512481663e-06,3.4859989611021146e-07,5.0,0.0,3.0,6.007231606377496e-06,0,3.603023886680603e-06,9.6102554930581e-06,Belgium,BEL,wallonia,,,macOS-14.0-arm64-arm-64bit,3.11.7,2.3.4,8,Apple M1,,,5.5736,50.6336,8.0,machine,N,1.0
2024-05-13T22:48:19,codecarbon,4f7edabb-265c-49e8-b606-e8306eba37da,16.363604307174683,5.698650509211886e-06,3.48251546678704e-07,5.0,0.0,3.0,2.270156807369656e-05,0,1.3613610863685608e-05,3.631517893738218e-05,Belgium,BEL,wallonia,,,macOS-14.0-arm64-arm-64bit,3.11.7,2.3.4,8,Apple M1,,,5.5736,50.6336,8.0,machine,N,1.0
2024-05-13T22:58:45,codecarbon,3ef67640-16c1-4023-b34d-a673a5bf174b,16.77283000946045,5.835197257400752e-06,3.478958085254249e-07,5.0,0.0,3.0,2.32628732919693e-05,0,1.3922462463378908e-05,3.718533575534821e-05,Belgium,BEL,wallonia,,,macOS-14.0-arm64-arm-64bit,3.11.7,2.3.4,8,Apple M1,,,5.5736,50.6336,8.0,machine,N,1.0
2024-05-15T20:04:29,codecarbon,6b41bacc-f538-4d5f-a5a0-9781fb1871f8,0.1363599300384521,4.7387021647294375e-08,3.475142707533782e-07,5.0,0.0,3.0,1.888900995254517e-07,0,1.1308809121449788e-07,3.019781907399496e-07,Belgium,BEL,wallonia,,,macOS-14.0-arm64-arm-64bit,3.11.7,2.3.4,8,Apple M1,,,5.5736,50.6336,8.0,machine,N,1.0
2024-05-15T20:04:49,codecarbon,25c7de69-1d42-415f-9bd7-104e2950598e,9.198182821273804,3.2073136468240952e-06,3.4868992160126826e-07,5.0,0.0,3.0,1.2774561180008784e-05,0,7.664342522621155e-06,2.0438903702629937e-05,Belgium,BEL,wallonia,,,macOS-14.0-arm64-arm-64bit,3.11.7,2.3.4,8,Apple M1,,,5.5736,50.6336,8.0,machine,N,1.0
2024-05-15T20:04:53,codecarbon,43f0ee32-f435-459c-80c9-38f7cf205db6,3.318148136138916,1.1547165070697995e-06,3.4800028802012977e-07,5.0,0.0,3.0,4.600107007556491e-06,0,2.758431037267049e-06,7.35853804482354e-06,Belgium,BEL,wallonia,,,macOS-14.0-arm64-arm-64bit,3.11.7,2.3.4,8,Apple M1,,,5.5736,50.6336,8.0,machine,N,1.0
2024-05-15T20:05:09,codecarbon,092f941c-6ec4-4440-8d81-17f196e2a9f4,16.08157205581665,5.577907395586041e-06,3.4685087852269585e-07,5.0,0.0,3.0,2.22329275475608e-05,0,1.3312804698944092e-05,3.554573224650489e-05,Belgium,BEL,wallonia,,,macOS-14.0-arm64-arm-64bit,3.11.7,2.3.4,8,Apple M1,,,5.5736,50.6336,8.0,machine,N,1.0
2024-05-15T20:35:15,codecarbon,d8ff90d0-62c9-4327-adf4-b4d67220ca50,0.1484389305114746,5.1574370815621486e-08,3.4744504449009546e-07,5.0,0.0,3.0,2.0560986465877962e-07,0,1.2305259704589844e-07,3.28662461704678e-07,Belgium,BEL,wallonia,,,macOS-14.0-arm64-arm-64bit,3.11.7,2.3.4,8,Apple M1,,,5.5736,50.6336,8.0,machine,N,1.0
2024-05-15T20:35:34,codecarbon,4f2b2eaa-cf6e-49a6-9b5c-5a9e7327d36b,8.451212882995605,2.94684969745583e-06,3.486895595051315e-07,5.0,0.0,3.0,1.1737149622705249e-05,0,7.04192340373993e-06,1.8779073026445176e-05,Belgium,BEL,wallonia,,,macOS-14.0-arm64-arm-64bit,3.11.7,2.3.4,8,Apple M1,,,5.5736,50.6336,8.0,machine,N,1.0
2024-05-15T20:35:37,codecarbon,cb6cf29f-afe6-49e3-bfc3-45175c0af138,2.6081960201263428,9.022718106105594e-07,3.459371165541664e-07,5.0,0.0,3.0,3.5972999201880565e-06,0,2.1525108814239503e-06,5.749810801612007e-06,Belgium,BEL,wallonia,,,macOS-14.0-arm64-arm-64bit,3.11.7,2.3.4,8,Apple M1,,,5.5736,50.6336,8.0,machine,N,1.0
2024-05-15T20:35:58,codecarbon,316f672f-6540-4ffe-839e-6660926bdc90,20.471247911453247,7.136200717138185e-06,3.485962725870574e-07,5.0,0.0,3.0,2.84268640809589e-05,0,1.704923689365387e-05,4.547610097461277e-05,Belgium,BEL,wallonia,,,macOS-14.0-arm64-arm-64bit,3.11.7,2.3.4,8,Apple M1,,,5.5736,50.6336,8.0,machine,N,1.0
2024-05-15T21:10:46,codecarbon,657521d9-76b0-4a71-9791-572b13a6a178,0.1542940139770507,5.364556115375625e-08,3.4768400776542977e-07,5.0,0.0,3.0,2.1381543742285842e-07,0,1.2804587682088216e-07,3.4186131424374053e-07,Belgium,BEL,wallonia,,,macOS-14.0-arm64-arm-64bit,3.11.7,2.3.4,8,Apple M1,,,5.5736,50.6336,8.0,machine,N,1.0
2024-05-15T21:11:21,codecarbon,b20ee160-76d7-48a1-8a45-19e1cb8b4c64,0.1482000350952148,5.1497497246000514e-08,3.474864038521627e-07,5.0,0.0,3.0,2.0524693859948053e-07,0,1.229256391525269e-07,3.281725777520075e-07,Belgium,BEL,wallonia,,,macOS-14.0-arm64-arm-64bit,3.11.7,2.3.4,8,Apple M1,,,5.5736,50.6336,8.0,machine,N,1.0
2024-05-15T21:13:02,codecarbon,001c9a17-84cc-4a17-bca1-a5ad3d0c74f9,0.1495461463928222,5.1995133315722164e-08,3.476862130512094e-07,5.0,0.0,3.0,2.072612444559733e-07,0,1.240825653076172e-07,3.313438097635905e-07,Belgium,BEL,wallonia,,,macOS-14.0-arm64-arm-64bit,3.11.7,2.3.4,8,Apple M1,,,5.5736,50.6336,8.0,machine,N,1.0
2024-05-15T21:13:15,codecarbon,4b2f1fd0-779b-4d68-b84b-c2801202e659,0.1459248065948486,5.070711390270128e-08,3.4748796373934215e-07,5.0,0.0,3.0,2.0211074087354882e-07,0,1.210250457127889e-07,3.231357865863377e-07,Belgium,BEL,wallonia,,,macOS-14.0-arm64-arm-64bit,3.11.7,2.3.4,8,Apple M1,,,5.5736,50.6336,8.0,machine,N,1.0
2024-05-15T21:14:43,codecarbon,b443f37a-fe98-43cf-a264-a8ec8298a31a,0.1517519950866699,5.2751824065711775e-08,3.476186526284791e-07,5.0,0.0,3.0,2.1026101377275253e-07,0,1.2590487798055013e-07,3.361658917533027e-07,Belgium,BEL,wallonia,,,macOS-14.0-arm64-arm-64bit,3.11.7,2.3.4,8,Apple M1,,,5.5736,50.6336,8.0,machine,N,1.0
2024-05-15T21:15:27,codecarbon,d4e83e2e-c920-472e-bfd3-4cacde4bec8b,0.1336140632629394,4.641051842318641e-08,3.47347556760212e-07,5.0,0.0,3.0,1.8500950601365845e-07,0,1.1074582735697429e-07,2.957553333706326e-07,Belgium,BEL,wallonia,,,macOS-14.0-arm64-arm-64bit,3.11.7,2.3.4,8,Apple M1,,,5.5736,50.6336,8.0,machine,N,1.0
2024-05-15T21:15:48,codecarbon,c832b6a0-a45c-4b4c-afc9-9de5b0a9b585,10.355100870132446,3.6107804147701792e-06,3.48695822479612e-07,5.0,0.0,3.0,1.4381512337260776e-05,0,8.628520766894022e-06,2.30100331041548e-05,Belgium,BEL,wallonia,,,macOS-14.0-arm64-arm-64bit,3.11.7,2.3.4,8,Apple M1,,,5.5736,50.6336,8.0,machine,N,1.0
2024-05-15T21:15:55,codecarbon,443145ac-a880-476d-8ee3-50ded1095476,3.361074924468994,1.1708539913760292e-06,3.483570041393852e-07,5.0,0.0,3.0,4.664388961262173e-06,0,2.796986699104309e-06,7.461375660366482e-06,Belgium,BEL,wallonia,,,macOS-14.0-arm64-arm-64bit,3.11.7,2.3.4,8,Apple M1,,,5.5736,50.6336,8.0,machine,N,1.0
2024-05-15T21:16:11,codecarbon,b203e6aa-afe7-4ddd-b8b1-efdf8d2b5946,14.59786820411682,5.08650017390291e-06,3.4844129997477575e-07,5.0,0.0,3.0,2.026359736919404e-05,0,1.2150596777598064e-05,3.24141941467921e-05,Belgium,BEL,wallonia,,,macOS-14.0-arm64-arm-64bit,3.11.7,2.3.4,8,Apple M1,,,5.5736,50.6336,8.0,machine,N,1.0
2024-05-15T21:17:55,codecarbon,3085dd39-1c29-4743-8829-f1a9647a5816,0.1429560184478759,4.9682836202515496e-08,3.475393113346301e-07,5.0,0.0,3.0,1.9804173045688205e-07,0,1.1856675148010256e-07,3.166084819369846e-07,Belgium,BEL,wallonia,,,macOS-14.0-arm64-arm-64bit,3.11.7,2.3.4,8,Apple M1,,,5.5736,50.6336,8.0,machine,N,1.0
2024-05-15T21:18:15,codecarbon,802ef442-958d-4fe9-bfef-dbbc4cd2c74a,9.846263885498049,3.4333421030245887e-06,3.486949103691347e-07,5.0,0.0,3.0,1.3674794303046334e-05,0,8.204496701558432e-06,2.1879291004604764e-05,Belgium,BEL,wallonia,,,macOS-14.0-arm64-arm-64bit,3.11.7,2.3.4,8,Apple M1,,,5.5736,50.6336,8.0,machine,N,1.0
2024-05-15T21:18:23,codecarbon,53965c4f-02fb-46ee-b1f8-44f45f91f7b9,6.616472959518433,2.3047777203694982e-06,3.483393243607009e-07,5.0,0.0,3.0,9.182722369829814e-06,0,5.504687428474426e-06,1.468740979830424e-05,Belgium,BEL,wallonia,,,macOS-14.0-arm64-arm-64bit,3.11.7,2.3.4,8,Apple M1,,,5.5736,50.6336,8.0,machine,N,1.0
2024-05-15T21:18:45,codecarbon,bfd64296-690d-4dff-b0f7-3ee2a3da029e,22.4166579246521,7.800072591928377e-06,3.479587643325932e-07,5.0,0.0,3.0,3.107034696473016e-05,0,1.863633910814921e-05,4.970668607287937e-05,Belgium,BEL,wallonia,,,macOS-14.0-arm64-arm-64bit,3.11.7,2.3.4,8,Apple M1,,,5.5736,50.6336,8.0,machine,N,1.0
2024-05-15T21:21:29,codecarbon,0e536ae9-ca37-4cfc-8dd7-46470d15d0a1,0.1379830837249755,4.796382803652023e-08,3.476065814858909e-07,5.0,0.0,3.0,1.9121401839786106e-07,0,1.1443992455800377e-07,3.056539429558648e-07,Belgium,BEL,wallonia,,,macOS-14.0-arm64-arm-64bit,3.11.7,2.3.4,8,Apple M1,,,5.5736,50.6336,8.0,machine,N,1.0
2024-05-15T21:21:50,codecarbon,0d53353f-be22-44d7-a1e3-8b44c56cb392,9.728874206542969,3.392367752546734e-06,3.486906789549465e-07,5.0,0.0,3.0,1.3511630561616685e-05,0,8.106547594070435e-06,2.161817815568712e-05,Belgium,BEL,wallonia,,,macOS-14.0-arm64-arm-64bit,3.11.7,2.3.4,8,Apple M1,,,5.5736,50.6336,8.0,machine,N,1.0
2024-05-15T21:21:54,codecarbon,dac18f26-9046-4c1b-9565-d6856c8c42b5,3.547063112258911,1.2364564428144032e-06,3.4858597202319825e-07,5.0,0.0,3.0,4.925062590175205e-06,0,2.9543707768122355e-06,7.879433366987441e-06,Belgium,BEL,wallonia,,,macOS-14.0-arm64-arm-64bit,3.11.7,2.3.4,8,Apple M1,,,5.5736,50.6336,8.0,machine,N,1.0
2024-05-15T21:22:11,codecarbon,c1926ae3-2823-4e23-ac1c-f7279ff52695,17.436451196670532,6.065205305634207e-06,3.478463155846959e-07,5.0,0.0,3.0,2.416320012675392e-05,0,1.448788324991862e-05,3.865108337667253e-05,Belgium,BEL,wallonia,,,macOS-14.0-arm64-arm-64bit,3.11.7,2.3.4,8,Apple M1,,,5.5736,50.6336,8.0,machine,N,1.0
2024-05-15T21:28:25,codecarbon,184610b5-9837-45c5-b9bd-a424b511b381,0.1407661437988281,4.8911523158020447e-08,3.474665273769305e-07,5.0,0.0,3.0,1.949624882804023e-07,0,1.1673072973887128e-07,3.116932180192736e-07,Belgium,BEL,wallonia,,,macOS-14.0-arm64-arm-64bit,3.11.7,2.3.4,8,Apple M1,,,5.5736,50.6336,8.0,machine,N,1.0
2024-05-15T21:28:45,codecarbon,46354cf7-6ba5-47e0-9407-fe38ddea8722,9.609431982040403,3.350717648369074e-06,3.48690500607259e-07,5.0,0.0,3.0,1.3345754146575929e-05,0,8.007004857063294e-06,2.135275900363922e-05,Belgium,BEL,wallonia,,,macOS-14.0-arm64-arm-64bit,3.11.7,2.3.4,8,Apple M1,,,5.5736,50.6336,8.0,machine,N,1.0
2024-05-15T21:28:49,codecarbon,b04a8162-508b-462f-be52-84a2118b7cbe,3.726072072982788,1.29886122604092e-06,3.485872523665808e-07,5.0,0.0,3.0,5.173536141713461e-06,0,3.1035774946212768e-06,8.277113636334738e-06,Belgium,BEL,wallonia,,,macOS-14.0-arm64-arm-64bit,3.11.7,2.3.4,8,Apple M1,,,5.5736,50.6336,8.0,machine,N,1.0
2024-05-15T21:29:06,codecarbon,8ff62087-e48b-4f8a-8e5f-9ad949c8645e,16.865469932556152,5.880248629912272e-06,3.4865607975508415e-07,5.0,0.0,3.0,2.34217150343789e-05,0,1.405071477095286e-05,3.747242980533176e-05,Belgium,BEL,wallonia,,,macOS-14.0-arm64-arm-64bit,3.11.7,2.3.4,8,Apple M1,,,5.5736,50.6336,8.0,machine,N,1.0
2024-05-15T21:31:20,codecarbon,82891b26-71ca-4de6-88d3-c8aea282f561,0.1528458595275879,5.3130870936711653e-08,3.4761079626839213e-07,5.0,0.0,3.0,2.11818019549052e-07,0,1.2676338354746502e-07,3.38581403096517e-07,Belgium,BEL,wallonia,,,macOS-14.0-arm64-arm-64bit,3.11.7,2.3.4,8,Apple M1,,,5.5736,50.6336,8.0,machine,N,1.0
2024-05-15T21:31:41,codecarbon,e726308b-7f93-42e6-9993-eadab412dfae,10.738332748413086,3.7443716407756015e-06,3.4869208549427244e-07,5.0,0.0,3.0,1.4913672208786013e-05,0,8.947683374087016e-06,2.386135558287303e-05,Belgium,BEL,wallonia,,,macOS-14.0-arm64-arm-64bit,3.11.7,2.3.4,8,Apple M1,,,5.5736,50.6336,8.0,machine,N,1.0
2024-05-15T21:31:47,codecarbon,d3b64d5c-ff4a-4ede-814f-3e49fa01bf44,4.802664279937744,1.6731596653862797e-06,3.483815582062647e-07,5.0,0.0,3.0,6.6651642322540286e-06,0,3.997200926144918e-06,1.0662365158398946e-05,Belgium,BEL,wallonia,,,macOS-14.0-arm64-arm-64bit,3.11.7,2.3.4,8,Apple M1,,,5.5736,50.6336,8.0,machine,N,1.0
2024-05-15T21:32:10,codecarbon,557a35a1-6bd3-4a59-8f28-c97cd44bd8de,22.29268908500672,7.763927651725345e-06,3.482723695701248e-07,5.0,0.0,3.0,3.093050850762261e-05,0,1.854584058125814e-05,4.9476349088880746e-05,Belgium,BEL,wallonia,,,macOS-14.0-arm64-arm-64bit,3.11.7,2.3.4,8,Apple M1,,,5.5736,50.6336,8.0,machine,N,1.0
2024-05-15T21:33:11,codecarbon,dd995a01-1b82-4e41-982b-33030340a5c1,0.1392421722412109,4.8369749998913874e-08,3.473785938582053e-07,5.0,0.0,3.0,1.928097671932645e-07,0,1.1543095111846925e-07,3.082407183117337e-07,Belgium,BEL,wallonia,,,macOS-14.0-arm64-arm-64bit,3.11.7,2.3.4,8,Apple M1,,,5.5736,50.6336,8.0,machine,N,1.0
2024-05-15T21:33:31,codecarbon,b2f6073d-b702-425e-8c5a-fbf57eb13649,9.273329973220823,3.233501781367064e-06,3.48688312688608e-07,5.0,0.0,3.0,1.287890672683716e-05,0,7.726883292198182e-06,2.0605790019035345e-05,Belgium,BEL,wallonia,,,macOS-14.0-arm64-arm-64bit,3.11.7,2.3.4,8,Apple M1,,,5.5736,50.6336,8.0,machine,N,1.0
2024-05-15T21:33:36,codecarbon,74751247-c0b5-4f30-bd6e-c59dfaa3cb5c,4.161792039871216,1.446382250480652e-06,3.475383288313968e-07,5.0,0.0,3.0,5.762079358100892e-06,0,3.455125689506531e-06,9.217205047607423e-06,Belgium,BEL,wallonia,,,macOS-14.0-arm64-arm-64bit,3.11.7,2.3.4,8,Apple M1,,,5.5736,50.6336,8.0,machine,N,1.0
2024-05-15T21:33:54,codecarbon,acfb24cb-202a-4f03-8072-cd2da3f42f9a,17.915804147720337,6.242332600032489e-06,3.484260348328703e-07,5.0,0.0,3.0,2.486608922481537e-05,0,1.4913754264513651e-05,3.977984348932902e-05,Belgium,BEL,wallonia,,,macOS-14.0-arm64-arm-64bit,3.11.7,2.3.4,8,Apple M1,,,5.5736,50.6336,8.0,machine,N,1.0
2024-05-15T21:58:22,codecarbon,5c4f56b0-5224-4a61-97e1-d9e8cbbc0c15,0.1488838195800781,5.1750264443556494e-08,3.475882375231666e-07,5.0,0.0,3.0,2.062708139419556e-07,0,1.235125462214152e-07,3.297833601633708e-07,Belgium,BEL,wallonia,,,macOS-14.0-arm64-arm-64bit,3.11.7,2.3.4,8,Apple M1,,,5.5736,50.6336,8.0,machine,N,1.0
2024-05-15T21:58:39,codecarbon,26cacb12-6afc-4f18-bd40-2956836d5ea8,7.964629888534546,2.777152014798588e-06,3.48685633063305e-07,5.0,0.0,3.0,1.106127467420366e-05,0,6.63638412952423e-06,1.769765880372789e-05,Belgium,BEL,wallonia,,,macOS-14.0-arm64-arm-64bit,3.11.7,2.3.4,8,Apple M1,,,5.5736,50.6336,8.0,machine,N,1.0
2024-05-15T21:58:42,codecarbon,2ecae962-8619-4ba0-bcee-4d392df3dfd4,2.300999164581299,7.999239903514915e-07,3.4764201685273085e-07,5.0,0.0,3.0,3.1875722938113745e-06,0,1.910017530123393e-06,5.097589823934767e-06,Belgium,BEL,wallonia,,,macOS-14.0-arm64-arm-64bit,3.11.7,2.3.4,8,Apple M1,,,5.5736,50.6336,8.0,machine,N,1.0
2024-05-15T21:59:02,codecarbon,b3be089e-2204-4f3a-9333-364767a6494d,18.965563774108887,6.582268283551403e-06,3.4706420341362497e-07,5.0,0.0,3.0,2.6230063703325063e-05,0,1.5716051459312438e-05,4.1946115162637504e-05,Belgium,BEL,wallonia,,,macOS-14.0-arm64-arm-64bit,3.11.7,2.3.4,8,Apple M1,,,5.5736,50.6336,8.0,machine,N,1.0
2024-05-15T22:00:34,codecarbon,e21e03a3-6fe0-4328-955f-487ef33785a4,0.1358630657196045,4.722003442049026e-08,3.475560791329663e-07,5.0,0.0,3.0,1.882165670394897e-07,0,1.1269748210906985e-07,3.009140491485596e-07,Belgium,BEL,wallonia,,,macOS-14.0-arm64-arm-64bit,3.11.7,2.3.4,8,Apple M1,,,5.5736,50.6336,8.0,machine,N,1.0
2024-05-15T22:00:54,codecarbon,bdb5250e-82e4-48b9-aaa3-ab7dd9020472,9.016860008239746,3.144086097120179e-06,3.486896873464892e-07,5.0,0.0,3.0,1.2522765331798127e-05,0,7.513214945793152e-06,2.003598027759128e-05,Belgium,BEL,wallonia,,,macOS-14.0-arm64-arm-64bit,3.11.7,2.3.4,8,Apple M1,,,5.5736,50.6336,8.0,machine,N,1.0
2024-05-15T22:00:58,codecarbon,91f64cde-cdcf-47ad-92c7-128820e46a49,3.6256320476531982,1.254149845259852e-06,3.459120585806933e-07,5.0,0.0,3.0,4.996377891964383e-06,0,2.9958083232243854e-06,7.992186215188769e-06,Belgium,BEL,wallonia,,,macOS-14.0-arm64-arm-64bit,3.11.7,2.3.4,8,Apple M1,,,5.5736,50.6336,8.0,machine,N,1.0
2024-05-15T22:01:16,codecarbon,f4866b58-33a9-4d5c-8bdc-6e1d5c2c1165,17.881937742233276,6.228300746920109e-06,3.483012208576371e-07,5.0,0.0,3.0,2.481366097927093e-05,0,1.4876763224601743e-05,3.969042420387268e-05,Belgium,BEL,wallonia,,,macOS-14.0-arm64-arm-64bit,3.11.7,2.3.4,8,Apple M1,,,5.5736,50.6336,8.0,machine,N,1.0
2024-05-15T22:09:39,codecarbon,bff0f18c-3368-4dd2-8bff-448444cf6c0f,0.1528470516204834,5.312830398095979e-08,3.475912908865031e-07,5.0,0.0,3.0,2.117567592196995e-07,0,1.268082857131958e-07,3.385650449328953e-07,Belgium,BEL,wallonia,,,macOS-14.0-arm64-arm-64bit,3.11.7,2.3.4,8,Apple M1,,,5.5736,50.6336,8.0,machine,N,1.0
2024-05-15T22:10:47,codecarbon,2747380d-d16c-4d45-aa9d-4edf18767eb7,0.1383342742919922,4.8067909258604094e-08,3.474764985367519e-07,5.0,0.0,3.0,1.916180054346721e-07,0,1.146992047627767e-07,3.063172101974488e-07,Belgium,BEL,wallonia,,,macOS-14.0-arm64-arm-64bit,3.11.7,2.3.4,8,Apple M1,,,5.5736,50.6336,8.0,machine,N,1.0
2024-05-15T22:11:04,codecarbon,e6c23fa3-49b6-4598-ad08-0703958a3d6e,8.693011045455933,3.031174006838269e-06,3.486909185998037e-07,5.0,0.0,3.0,1.2073020802603829e-05,0,7.243416706720988e-06,1.9316437509324816e-05,Belgium,BEL,wallonia,,,macOS-14.0-arm64-arm-64bit,3.11.7,2.3.4,8,Apple M1,,,5.5736,50.6336,8.0,machine,N,1.0
2024-05-15T22:11:07,codecarbon,1cc0b02a-e73e-47e7-af6d-2e43657bb989,2.696830987930298,9.396055734952292e-07,3.4841099709267885e-07,5.0,0.0,3.0,3.742671012878418e-06,0,2.245052655537924e-06,5.987723668416341e-06,Belgium,BEL,wallonia,,,macOS-14.0-arm64-arm-64bit,3.11.7,2.3.4,8,Apple M1,,,5.5736,50.6336,8.0,machine,N,1.0
2024-05-15T22:11:28,codecarbon,efd9df5b-d8a3-4efb-89bb-612d7f826f63,17.819935083389282,6.203784646292131e-06,3.481373314359008e-07,5.0,0.0,3.0,2.4714665611584984e-05,0,1.4819527467091878e-05,3.953419307867687e-05,Belgium,BEL,wallonia,,,macOS-14.0-arm64-arm-64bit,3.11.7,2.3.4,8,Apple M1,,,5.5736,50.6336,8.0,machine,N,1.0
2024-05-15T22:34:32,codecarbon,c57f1841-a86a-47b6-b5a5-a59a49e33419,0.1421201229095459,4.940906569494141e-08,3.476570712395768e-07,5.0,0.0,3.0,1.9692215654585099e-07,0,1.179416974385581e-07,3.148638539844089e-07,Belgium,BEL,wallonia,,,macOS-14.0-arm64-arm-64bit,3.11.7,2.3.4,8,Apple M1,,,5.5736,50.6336,8.0,machine,N,1.0
2024-05-15T22:34:48,codecarbon,35c3a603-6d99-4d4e-90c4-22689121f0ca,7.515450954437256,2.620515210857391e-06,3.486836953290464e-07,5.0,0.0,3.0,1.0437408089637756e-05,0,6.262068152427673e-06,1.6699476242065427e-05,Belgium,BEL,wallonia,,,macOS-14.0-arm64-arm-64bit,3.11.7,2.3.4,8,Apple M1,,,5.5736,50.6336,8.0,machine,N,1.0
2024-05-15T22:34:51,codecarbon,af4535a9-755f-4670-bb80-2a63d7b77ac8,2.4825830459594727,8.618360427840552e-07,3.471529559451138e-07,5.0,0.0,3.0,3.435895840326945e-06,0,2.056234280268352e-06,5.492130120595297e-06,Belgium,BEL,wallonia,,,macOS-14.0-arm64-arm-64bit,3.11.7,2.3.4,8,Apple M1,,,5.5736,50.6336,8.0,machine,N,1.0
2024-05-15T22:35:13,codecarbon,a2270137-3368-4a8e-8685-956f1bab6bfd,18.24748611450196,6.343714725302194e-06,3.476486944829408e-07,5.0,0.0,3.0,2.527966135078006e-05,0,1.5146249135335289e-05,4.042591048611536e-05,Belgium,BEL,wallonia,,,macOS-14.0-arm64-arm-64bit,3.11.7,2.3.4,8,Apple M1,,,5.5736,50.6336,8.0,machine,N,1.0
2024-05-15T22:38:09,codecarbon,93a6f7ec-a2f1-41ac-b6e7-544c5a54f6be,0.1366291046142578,4.7476012910869385e-08,3.4748096348071257e-07,5.0,0.0,3.0,1.8926428423987493e-07,0,1.1328101158142089e-07,3.025452958212958e-07,Belgium,BEL,wallonia,,,macOS-14.0-arm64-arm-64bit,3.11.7,2.3.4,8,Apple M1,,,5.5736,50.6336,8.0,machine,N,1.0
2024-05-15T22:38:27,codecarbon,d49e6398-fb95-4b5f-a8bc-8f7c8dff0d56,8.956002712249756,3.1228669237906406e-06,3.486898144324226e-07,5.0,0.0,3.0,1.2438213494088915e-05,0,7.462545633316041e-06,1.9900759127404955e-05,Belgium,BEL,wallonia,,,macOS-14.0-arm64-arm-64bit,3.11.7,2.3.4,8,Apple M1,,,5.5736,50.6336,8.0,machine,N,1.0
2024-05-15T22:38:30,codecarbon,2cd74307-7ecb-4cde-b521-0cfdbe7bc534,2.918276786804199,1.0125086549425125e-06,3.46954291491764e-07,5.0,0.0,3.0,4.03309961160024e-06,0,2.419205705324809e-06,6.452305316925049e-06,Belgium,BEL,wallonia,,,macOS-14.0-arm64-arm-64bit,3.11.7,2.3.4,8,Apple M1,,,5.5736,50.6336,8.0,machine,N,1.0
2024-05-15T22:38:49,codecarbon,8cf0bb2d-be66-4458-a99c-04b2c37683a0,14.673829078674316,5.116369998508692e-06,3.486731357627973e-07,5.0,0.0,3.0,2.037853896617889e-05,0,1.2226003408432009e-05,3.26045423746109e-05,Belgium,BEL,wallonia,,,macOS-14.0-arm64-arm-64bit,3.11.7,2.3.4,8,Apple M1,,,5.5736,50.6336,8.0,machine,N,1.0
2024-05-15T22:46:18,codecarbon,cd170f4e-3f48-45bc-88a4-88a7884aad51,0.1309590339660644,4.5481903993023776e-08,3.472987133122068e-07,5.0,0.0,3.0,1.8132362100813124e-07,0,1.085140307744344e-07,2.8983765178256565e-07,Belgium,BEL,wallonia,,,macOS-14.0-arm64-arm-64bit,3.11.7,2.3.4,8,Apple M1,,,5.5736,50.6336,8.0,machine,N,1.0
2024-05-15T22:46:37,codecarbon,27d35e5f-e181-47f7-a0ee-bdd8b6131187,9.835581064224243,3.4295787276491853e-06,3.486910132970049e-07,5.0,0.0,3.0,1.3659829232427808e-05,0,8.19547931353251e-06,2.185530854596032e-05,Belgium,BEL,wallonia,,,macOS-14.0-arm64-arm-64bit,3.11.7,2.3.4,8,Apple M1,,,5.5736,50.6336,8.0,machine,N,1.0
2024-05-15T22:46:46,codecarbon,aec999ab-91be-42dd-9242-3a8191e5dc30,5.385883092880249,1.8773792135564489e-06,3.48574074331136e-07,5.0,0.0,3.0,7.477943102518717e-06,0,4.485830068588257e-06,1.1963773171106974e-05,Belgium,BEL,wallonia,,,macOS-14.0-arm64-arm-64bit,3.11.7,2.3.4,8,Apple M1,,,5.5736,50.6336,8.0,machine,N,1.0
2024-05-15T22:47:04,codecarbon,c2926172-b2ea-464d-a57c-f9d1e49746cb,16.147198915481567,5.616280806727807e-06,3.478176516016685e-07,5.0,0.0,3.0,2.2415828704833984e-05,0,1.3374441663424172e-05,3.579027036825816e-05,Belgium,BEL,wallonia,,,macOS-14.0-arm64-arm-64bit,3.11.7,2.3.4,8,Apple M1,,,5.5736,50.6336,8.0,machine,N,1.0
2024-05-15T22:48:14,codecarbon,0c2d2e96-13be-4bed-a5fa-a98afd837c22,0.1369202136993408,4.75419951054785e-08,3.4722407905289e-07,5.0,0.0,3.0,1.895182662540012e-07,0,1.1344750722249349e-07,3.029657734764947e-07,Belgium,BEL,wallonia,,,macOS-14.0-arm64-arm-64bit,3.11.7,2.3.4,8,Apple M1,,,5.5736,50.6336,8.0,machine,N,1.0
2024-05-15T22:48:33,codecarbon,6dcd043b-59ee-4e6c-bdd8-b75c2d247696,8.827152967453003,3.077927135910325e-06,3.486885462684391e-07,5.0,0.0,3.0,1.225922637515598e-05,0,7.355149785677591e-06,1.961437616083357e-05,Belgium,BEL,wallonia,,,macOS-14.0-arm64-arm-64bit,3.11.7,2.3.4,8,Apple M1,,,5.5736,50.6336,8.0,machine,N,1.0
2024-05-15T22:48:36,codecarbon,8a30a830-0fd8-48b5-8ade-0c94b129357e,2.658464193344116,9.251379822421074e-07,3.479971573656459e-07,5.0,0.0,3.0,3.6860823631286624e-06,0,2.209445238113404e-06,5.895527601242065e-06,Belgium,BEL,wallonia,,,macOS-14.0-arm64-arm-64bit,3.11.7,2.3.4,8,Apple M1,,,5.5736,50.6336,8.0,machine,N,1.0
2024-05-15T22:48:53,codecarbon,e0ccbe6e-4460-45c9-a05c-2bcbcd02a671,15.976829051971436,5.539874984250467e-06,3.467443362027387e-07,5.0,0.0,3.0,2.2073790431022647e-05,0,1.322957674662272e-05,3.530336717764537e-05,Belgium,BEL,wallonia,,,macOS-14.0-arm64-arm-64bit,3.11.7,2.3.4,8,Apple M1,,,5.5736,50.6336,8.0,machine,N,1.0
2024-05-15T22:56:56,codecarbon,ea7ffecb-0413-4859-8ee2-db114250459d,3.931839942932129,1.3635861631358993e-06,3.46806122051606e-07,5.0,0.0,3.0,5.431400073899163e-06,0,3.258179227511088e-06,8.68957930141025e-06,Belgium,BEL,wallonia,,,macOS-14.0-arm64-arm-64bit,3.11.7,2.3.4,8,Apple M1,,,5.5736,50.6336,8.0,machine,N,1.0
2024-05-15T22:57:23,codecarbon,272a0b69-2a81-4420-8062-bccf3876355c,14.513827085494995,5.060980040229824e-06,3.487005880955911e-07,5.0,0.0,3.0,2.015750871764289e-05,0,1.2094056010246276e-05,3.225156472788917e-05,Belgium,BEL,wallonia,,,macOS-14.0-arm64-arm-64bit,3.11.7,2.3.4,8,Apple M1,,,5.5736,50.6336,8.0,machine,N,1.0
2024-05-15T22:57:49,codecarbon,3b063dda-0664-4d38-9587-599166c2c40e,3.2193470001220703,1.1165964347149263e-06,3.4683941640108625e-07,5.0,0.0,3.0,4.453013671769036e-06,0,2.6626006762186684e-06,7.1156143479877045e-06,Belgium,BEL,wallonia,,,macOS-14.0-arm64-arm-64bit,3.11.7,2.3.4,8,Apple M1,,,5.5736,50.6336,8.0,machine,N,1.0
2024-05-15T22:58:07,codecarbon,852157c2-7936-4c78-80ae-bfa88976a266,16.281398057937622,5.6685449299857344e-06,3.481608219278298e-07,5.0,0.0,3.0,2.258248759640588e-05,0,1.354084074497223e-05,3.61233283413781e-05,Belgium,BEL,wallonia,,,macOS-14.0-arm64-arm-64bit,3.11.7,2.3.4,8,Apple M1,,,5.5736,50.6336,8.0,machine,N,1.0
2024-05-21T12:55:38,codecarbon,4c63a34e-8ee1-45f8-81a7-0c0f23d30058,0.2986249923706054,1.572406459219378e-09,5.265488486871049e-09,5.0,0.0,3.0,4.137072298261854e-07,0,2.477407455444336e-07,6.61447975370619e-07,Canada,CAN,quebec,,,macOS-14.0-arm64-arm-64bit,3.11.7,2.3.4,8,Apple M1,,,-71.2,46.8,8.0,machine,N,1.0
2024-05-21T12:56:12,codecarbon,49cb86f9-9e38-41bd-afe9-ceb51b8051c1,20.185910940170288,1.0646771357008217e-07,5.2743576391298596e-09,5.0,0.0,3.0,2.7993983030319216e-05,0,1.679268976052602e-05,4.478667279084524e-05,Canada,CAN,quebec,,,macOS-14.0-arm64-arm-64bit,3.11.7,2.3.4,8,Apple M1,,,-71.2,46.8,8.0,machine,N,1.0
2024-05-21T12:56:18,codecarbon,8d44050c-037c-476a-a5de-208fe7990b94,4.818367004394531,2.5384916130241435e-08,5.268365009782244e-09,5.0,0.0,3.0,6.677438815434774e-06,0,4.000971515973409e-06,1.0678410331408185e-05,Canada,CAN,quebec,,,macOS-14.0-arm64-arm-64bit,3.11.7,2.3.4,8,Apple M1,,,-71.2,46.8,8.0,machine,N,1.0
2024-05-21T12:56:52,codecarbon,ac02a653-0aa5-4972-b4ee-01ae70937771,34.455199003219604,1.8185842428217822e-07,5.278112724445004e-09,5.0,0.0,3.0,4.7839628987842144e-05,0,2.8660874962806702e-05,7.650050395064885e-05,Canada,CAN,quebec,,,macOS-14.0-arm64-arm-64bit,3.11.7,2.3.4,8,Apple M1,,,-71.2,46.8,8.0,machine,N,1.0
