,time,number,t2m
0,2024-03-16 00:00:00,1,283.7455738835097
1,2024-03-16 00:00:00,2,283.68328165269537
2,2024-03-16 00:00:00,3,283.6486978046994
3,2024-03-16 00:00:00,4,283.7895889077693
4,2024-03-16 00:00:00,5,283.8699432179426
5,2024-03-16 00:00:00,6,283.5660287258994
6,2024-03-16 00:00:00,7,283.7415036769653
7,2024-03-16 00:00:00,8,283.55763016017556
8,2024-03-16 00:00:00,9,283.7082019870562
9,2024-03-16 00:00:00,10,283.81223749894264
10,2024-03-16 00:00:00,11,283.68453799551884
11,2024-03-16 00:00:00,12,283.8992005165707
12,2024-03-16 00:00:00,13,283.6336819264329
13,2024-03-16 00:00:00,14,283.6786865357932
14,2024-03-16 00:00:00,15,283.7715182233226
15,2024-03-16 00:00:00,16,283.6352050269791
16,2024-03-16 00:00:00,17,283.66674267388265
17,2024-03-16 00:00:00,18,283.7031249852355
18,2024-03-16 00:00:00,19,283.74864589986566
19,2024-03-16 00:00:00,20,283.5807864515309
20,2024-03-16 00:00:00,21,283.86537391630395
21,2024-03-16 00:00:00,22,283.643603592703
22,2024-03-16 00:00:00,23,283.68479614815374
23,2024-03-16 00:00:00,24,283.68736046432764
24,2024-03-16 00:00:00,25,283.7730413238688
25,2024-03-16 00:00:00,26,283.84171852985435
26,2024-03-16 00:00:00,27,283.6519849482511
27,2024-03-16 00:00:00,28,283.6273141614374
28,2024-03-16 00:00:00,29,283.61664385252595
29,2024-03-16 00:00:00,30,283.6822576472434
30,2024-03-16 00:00:00,31,283.4681028263736
31,2024-03-16 00:00:00,32,283.61740110025517
32,2024-03-16 00:00:00,33,283.6855706060586
33,2024-03-16 00:00:00,34,283.7562614025968
34,2024-03-16 00:00:00,35,283.84756998957994
35,2024-03-16 00:00:00,36,283.7572854080488
36,2024-03-16 00:00:00,37,283.62783046670734
37,2024-03-16 00:00:00,38,283.81070579330856
38,2024-03-16 00:00:00,39,283.57341189125907
39,2024-03-16 00:00:00,40,283.85773259830927
40,2024-03-16 00:00:00,41,283.7384574758728
41,2024-03-16 00:00:00,42,283.68811771205685
42,2024-03-16 00:00:00,43,283.8328036588606
43,2024-03-16 00:00:00,44,283.70109418450716
44,2024-03-16 00:00:00,45,283.7125045309721
45,2024-03-16 00:00:00,46,283.65250985860894
46,2024-03-16 00:00:00,47,283.73388817423415
47,2024-03-16 00:00:00,48,283.71303804641775
48,2024-03-16 00:00:00,49,283.58535575316955
49,2024-03-16 00:00:00,50,283.35646902193173
50,2024-03-16 06:00:00,1,282.00370618933493
51,2024-03-16 06:00:00,2,282.15961317067126
52,2024-03-16 06:00:00,3,281.8816516235288
53,2024-03-16 06:00:00,4,281.8356144036287
54,2024-03-16 06:00:00,5,281.961240080885
55,2024-03-16 06:00:00,6,282.11178609250226
56,2024-03-16 06:00:00,7,282.1519976679401
57,2024-03-16 06:00:00,8,282.29467862927913
58,2024-03-16 06:00:00,9,281.8892585211721
59,2024-03-16 06:00:00,10,282.05533671632566
60,2024-03-16 06:00:00,11,281.8465342600872
61,2024-03-16 06:00:00,12,282.06807224631666
62,2024-03-16 06:00:00,13,282.2320852203907
63,2024-03-16 06:00:00,14,282.13773903740287
64,2024-03-16 06:00:00,15,281.86179108081296
65,2024-03-16 06:00:00,16,282.2379538902919
66,2024-03-16 06:00:00,17,282.2186268630217
67,2024-03-16 06:00:00,18,281.8752924636211
68,2024-03-16 06:00:00,19,282.08714112095197
69,2024-03-16 06:00:00,20,281.9721943576949
70,2024-03-16 06:00:00,21,281.75042403409395
71,2024-03-16 06:00:00,22,282.12807552376773
72,2024-03-16 06:00:00,23,281.98642717296866
73,2024-03-16 06:00:00,24,282.3073797389188
74,2024-03-16 06:00:00,25,282.27941320346554
75,2024-03-16 06:00:00,26,282.1468948508559
76,2024-03-16 06:00:00,27,281.46786737004925
77,2024-03-16 06:00:00,28,282.22014996356796
78,2024-03-16 06:00:00,29,282.35875211327465
79,2024-03-16 06:00:00,30,281.8961425914375
80,2024-03-16 06:00:00,31,282.30608897574405
81,2024-03-16 06:00:00,32,282.0965378768643
82,2024-03-16 06:00:00,33,282.3676497740927
83,2024-03-16 06:00:00,34,282.0433756442395
84,2024-03-16 06:00:00,35,281.97269345278914
85,2024-03-16 06:00:00,36,281.7832266289088
86,2024-03-16 06:00:00,37,282.20158018402697
87,2024-03-16 06:00:00,38,282.06678148314194
88,2024-03-16 06:00:00,39,282.1262942705866
89,2024-03-16 06:00:00,40,282.0965378768643
90,2024-03-16 06:00:00,41,281.9370855993411
91,2024-03-16 06:00:00,42,281.9492962189745
92,2024-03-16 06:00:00,43,282.3534169588189
93,2024-03-16 06:00:00,44,281.9571698743406
94,2024-03-16 06:00:00,45,282.22089860620935
95,2024-03-16 06:00:00,46,282.1794737133871
96,2024-03-16 06:00:00,47,282.22372107501815
97,2024-03-16 06:00:00,48,282.25370980611194
98,2024-03-16 06:00:00,49,282.15429522639124
99,2024-03-16 06:00:00,50,281.96253084405976
100,2024-03-16 12:00:00,1,284.47042345702073
101,2024-03-16 12:00:00,2,284.50931845402044
102,2024-03-16 12:00:00,3,284.1817399704397
103,2024-03-16 12:00:00,4,283.9238626982966
104,2024-03-16 12:00:00,5,283.9528446341141
105,2024-03-16 12:00:00,6,284.3213661255984
106,2024-03-16 12:00:00,7,284.1947078378023
107,2024-03-16 12:00:00,8,284.54160474356524
108,2024-03-16 12:00:00,9,284.07265327199616
109,2024-03-16 12:00:00,10,284.23796561433267
110,2024-03-16 12:00:00,11,284.05382533982015
111,2024-03-16 12:00:00,12,284.2855173296912
112,2024-03-16 12:00:00,13,284.3167968239597
113,2024-03-16 12:00:00,14,284.0596767995458
114,2024-03-16 12:00:00,15,283.74991084777696
115,2024-03-16 12:00:00,16,284.13497131807395
116,2024-03-16 12:00:00,17,284.4264084327611
117,2024-03-16 12:00:00,18,283.86842872248417
118,2024-03-16 12:00:00,19,284.31985163013996
119,2024-03-16 12:00:00,20,284.5604498859169
120,2024-03-16 12:00:00,21,284.39030148421887
121,2024-03-16 12:00:00,22,283.7674480167781
122,2024-03-16 12:00:00,23,283.998124606285
123,2024-03-16 12:00:00,24,283.94191617256774
124,2024-03-16 12:00:00,25,284.603673242096
125,2024-03-16 12:00:00,26,284.3943716907633
126,2024-03-16 12:00:00,27,283.9961024106445
127,2024-03-16 12:00:00,28,284.70338039480293
128,2024-03-16 12:00:00,29,283.9948202525576
129,2024-03-16 12:00:00,30,284.1113073265366
130,2024-03-16 12:00:00,31,284.5744417587314
131,2024-03-16 12:00:00,32,283.8089159350395
132,2024-03-16 12:00:00,33,284.0469670848182
133,2024-03-16 12:00:00,34,284.0683249128167
134,2024-03-16 12:00:00,35,284.40734816321367
135,2024-03-16 12:00:00,36,284.61893006282173
136,2024-03-16 12:00:00,37,284.2089750734274
137,2024-03-16 12:00:00,38,284.1247742889933
138,2024-03-16 12:00:00,39,283.9373554760168
139,2024-03-16 12:00:00,40,284.20616120970635
140,2024-03-16 12:00:00,41,284.3452882697708
141,2024-03-16 12:00:00,42,283.9170044432947
142,2024-03-16 12:00:00,43,284.2631441013285
143,2024-03-16 12:00:00,44,284.09145538890857
144,2024-03-16 12:00:00,45,283.9170044432947
145,2024-03-16 12:00:00,46,284.67489755407973
146,2024-03-16 12:00:00,47,284.68253026698653
147,2024-03-16 12:00:00,48,284.37630100631657
148,2024-03-16 12:00:00,49,284.30458620432637
149,2024-03-16 12:00:00,50,284.38901072104414
150,2024-03-16 18:00:00,1,281.6881059880161
151,2024-03-16 18:00:00,2,282.45717710789467
152,2024-03-16 18:00:00,3,282.26542133065107
153,2024-03-16 18:00:00,4,281.38112808470476
154,2024-03-16 18:00:00,5,282.299747026012
155,2024-03-16 18:00:00,6,282.93404526026904
156,2024-03-16 18:00:00,7,282.1074835485863
157,2024-03-16 18:00:00,8,282.6962436580375
158,2024-03-16 18:00:00,9,282.65760681367277
159,2024-03-16 18:00:00,10,282.53855542351994
160,2024-03-16 18:00:00,11,283.03018130152583
161,2024-03-16 18:00:00,12,282.5970700207761
162,2024-03-16 18:00:00,13,282.16367477212793
163,2024-03-16 18:00:00,14,283.65912717115157
164,2024-03-16 18:00:00,15,281.560165542133
165,2024-03-16 18:00:00,16,282.4322567735338
166,2024-03-16 18:00:00,17,282.50880763488544
167,2024-03-16 18:00:00,18,281.73844575183205
168,2024-03-16 18:00:00,19,281.890032979077
169,2024-03-16 18:00:00,20,282.09707139230983
170,2024-03-16 18:00:00,21,281.86308184398774
171,2024-03-16 18:00:00,22,280.954616906322
172,2024-03-16 18:00:00,23,282.5304236155189
173,2024-03-16 18:00:00,24,282.1084903438626
174,2024-03-16 18:00:00,25,281.899954645347
175,2024-03-16 18:00:00,26,283.5413751492613
176,2024-03-16 18:00:00,27,283.1631901441419
177,2024-03-16 18:00:00,28,282.8414717253747
178,2024-03-16 18:00:00,29,281.696246401105
179,2024-03-16 18:00:00,30,282.9424180107294
180,2024-03-16 18:00:00,31,281.88951667380707
181,2024-03-16 18:00:00,32,282.2748266916511
182,2024-03-16 18:00:00,33,281.74608706982673
183,2024-03-16 18:00:00,34,282.9309904540888
184,2024-03-16 18:00:00,35,281.28907946016807
185,2024-03-16 18:00:00,36,283.3587493702072
186,2024-03-16 18:00:00,37,283.46608063073313
187,2024-03-16 18:00:00,38,281.98236557151205
188,2024-03-16 18:00:00,39,282.6074907821404
189,2024-03-16 18:00:00,40,283.1644464869653
190,2024-03-16 18:00:00,41,281.961240080885
191,2024-03-16 18:00:00,42,283.208969211407
192,2024-03-16 18:00:00,43,283.43047277728516
193,2024-03-16 18:00:00,44,282.57874118369443
194,2024-03-16 18:00:00,45,282.05433852613714
195,2024-03-16 18:00:00,46,282.9627690434516
196,2024-03-16 18:00:00,47,283.8905610083876
197,2024-03-16 18:00:00,48,283.4421843018242
198,2024-03-16 18:00:00,49,281.7506563714654
199,2024-03-16 18:00:00,50,283.5215232116334
200,2024-03-17 00:00:00,1,280.18631163926045
201,2024-03-17 00:00:00,2,280.557638389378
202,2024-03-17 00:00:00,3,280.9749679390442
203,2024-03-17 00:00:00,4,280.3478291378632
204,2024-03-17 00:00:00,5,280.66189763354794
205,2024-03-17 00:00:00,6,279.8348368267709
206,2024-03-17 00:00:00,7,280.2682320754191
207,2024-03-17 00:00:00,8,281.0207470063093
208,2024-03-17 00:00:00,9,280.33255510696176
209,2024-03-17 00:00:00,10,280.1562970929032
210,2024-03-17 00:00:00,11,280.33001660605134
211,2024-03-17 00:00:00,12,280.5011718030257
212,2024-03-17 00:00:00,13,280.6509691720015
213,2024-03-17 00:00:00,14,280.1908723358113
214,2024-03-17 00:00:00,15,279.7186079054269
215,2024-03-17 00:00:00,16,280.24813059024405
216,2024-03-17 00:00:00,17,281.04544360838656
217,2024-03-17 00:00:00,18,280.44216671576316
218,2024-03-17 00:00:00,19,279.9215502968518
219,2024-03-17 00:00:00,20,281.20234017482363
220,2024-03-17 00:00:00,21,281.2397292814528
221,2024-03-17 00:00:00,22,280.9737115962207
222,2024-03-17 00:00:00,23,279.765410978144
223,2024-03-17 00:00:00,24,281.6949556379302
224,2024-03-17 00:00:00,25,280.36078840013784
225,2024-03-17 00:00:00,26,280.1301204157188
226,2024-03-17 00:00:00,27,280.29744634860805
227,2024-03-17 00:00:00,28,280.4317459543988
228,2024-03-17 00:00:00,29,280.47394530512594
229,2024-03-17 00:00:00,30,280.38698228749786
230,2024-03-17 00:00:00,31,280.6473980605514
231,2024-03-17 00:00:00,32,280.30611167205467
232,2024-03-17 00:00:00,33,281.5324571593146
233,2024-03-17 00:00:00,34,281.1392562759288
234,2024-03-17 00:00:00,35,280.86409998741937
235,2024-03-17 00:00:00,36,280.23108391124924
236,2024-03-17 00:00:00,37,279.9795657990138
237,2024-03-17 00:00:00,38,280.56502155473765
238,2024-03-17 00:00:00,39,280.1906486035276
239,2024-03-17 00:00:00,40,280.44954127603495
240,2024-03-17 00:00:00,41,280.9805612461348
241,2024-03-17 00:00:00,42,280.04085983963967
242,2024-03-17 00:00:00,43,279.80866014958656
243,2024-03-17 00:00:00,44,280.3381484140524
244,2024-03-17 00:00:00,45,280.7364176941712
245,2024-03-17 00:00:00,46,280.92182291659503
246,2024-03-17 00:00:00,47,280.48843627303467
247,2024-03-17 00:00:00,48,280.6153613185536
248,2024-03-17 00:00:00,49,280.5601854953761
249,2024-03-17 00:00:00,50,280.47980536993936
250,2024-03-17 06:00:00,1,281.17715308274
251,2024-03-17 06:00:00,2,282.04745445587173
252,2024-03-17 06:00:00,3,282.29848207810073
253,2024-03-17 06:00:00,4,281.8236619366303
254,2024-03-17 06:00:00,5,281.7102210637438
255,2024-03-17 06:00:00,6,280.17486687244417
256,2024-03-17 06:00:00,7,282.09681323967493
257,2024-03-17 06:00:00,8,283.0352496982588
258,2024-03-17 06:00:00,9,281.85113798207726
259,2024-03-17 06:00:00,10,282.5227995076999
260,2024-03-17 06:00:00,11,281.2463465939954
261,2024-03-17 06:00:00,12,281.3155228950752
262,2024-03-17 06:00:00,13,282.4861676488
263,2024-03-17 06:00:00,14,281.61357732230493
264,2024-03-17 06:00:00,15,281.56906320295104
265,2024-03-17 06:00:00,16,281.6555443356606
266,2024-03-17 06:00:00,17,282.1153658090402
267,2024-03-17 06:00:00,18,282.3455433034528
268,2024-03-17 06:00:00,19,280.9940712340308
269,2024-03-17 06:00:00,20,281.90782830071305
270,2024-03-17 06:00:00,21,282.01491861877975
271,2024-03-17 06:00:00,22,282.2707478800189
272,2024-03-17 06:00:00,23,281.70667576755704
273,2024-03-17 06:00:00,24,282.7463596895699
274,2024-03-17 06:00:00,25,281.9668419930635
275,2024-03-17 06:00:00,26,281.9055479524376
276,2024-03-17 06:00:00,27,281.4462427843279
277,2024-03-17 06:00:00,28,282.2310698200265
278,2024-03-17 06:00:00,29,280.95054669977753
279,2024-03-17 06:00:00,30,282.13291158312927
280,2024-03-17 06:00:00,31,282.27280449601074
281,2024-03-17 06:00:00,32,281.8399513678959
282,2024-03-17 06:00:00,33,281.6268033423024
283,2024-03-17 06:00:00,34,282.6509808960423
284,2024-03-17 06:00:00,35,281.0299114248502
285,2024-03-17 06:00:00,36,280.9660702782261
286,2024-03-17 06:00:00,37,280.5202406776609
287,2024-03-17 06:00:00,38,280.53473164556965
288,2024-03-17 06:00:00,39,282.1242634698583
289,2024-03-17 06:00:00,40,281.93199138734474
290,2024-03-17 06:00:00,41,282.4991441212503
291,2024-03-17 06:00:00,42,281.41672733306484
292,2024-03-17 06:00:00,43,280.86307598196737
293,2024-03-17 06:00:00,44,281.52481584132005
294,2024-03-17 06:00:00,45,281.3536778545213
295,2024-03-17 06:00:00,46,281.4856626916854
296,2024-03-17 06:00:00,47,281.7692175459186
297,2024-03-17 06:00:00,48,282.3791031459968
298,2024-03-17 06:00:00,49,281.8399513678959
299,2024-03-17 06:00:00,50,282.1736136485737
300,2024-03-17 12:00:00,1,284.2051458093422
301,2024-03-17 12:00:00,2,286.11513110448675
302,2024-03-17 12:00:00,3,284.2918850946867
303,2024-03-17 12:00:00,4,284.4587119324816
304,2024-03-17 12:00:00,5,285.0316903108493
305,2024-03-17 12:00:00,6,284.42488533221484
306,2024-03-17 12:00:00,7,284.5159357665631
307,2024-03-17 12:00:00,8,285.1481773848283
308,2024-03-17 12:00:00,9,283.8170563481284
309,2024-03-17 12:00:00,10,284.62630462309363
310,2024-03-17 12:00:00,11,283.8328036588606
311,2024-03-17 12:00:00,12,284.1436194313449
312,2024-03-17 12:00:00,13,284.2450734168817
313,2024-03-17 12:00:00,14,284.0815509328142
314,2024-03-17 12:00:00,15,284.0085539727371
315,2024-03-17 12:00:00,16,285.0296681152089
316,2024-03-17 12:00:00,17,284.79773518287857
317,2024-03-17 12:00:00,18,284.4925299276606
318,2024-03-17 12:00:00,19,283.9887278503727
319,2024-03-17 12:00:00,20,284.9218463646765
320,2024-03-17 12:00:00,21,284.1807417802513
321,2024-03-17 12:00:00,22,284.41879293002995
322,2024-03-17 12:00:00,23,284.36945135640246
323,2024-03-17 12:00:00,24,284.82544356569696
324,2024-03-17 12:00:00,25,284.56019173328195
325,2024-03-17 12:00:00,26,283.9404016771093
326,2024-03-17 12:00:00,27,283.9747273724703
327,2024-03-17 12:00:00,28,284.6291184868146
328,2024-03-17 12:00:00,29,284.3185866822288
329,2024-03-17 12:00:00,30,284.99227040349194
330,2024-03-17 12:00:00,31,284.98769249676536
331,2024-03-17 12:00:00,32,285.5314479968563
332,2024-03-17 12:00:00,33,284.13673536107945
333,2024-03-17 12:00:00,34,284.59654822937125
334,2024-03-17 12:00:00,35,284.17260136716243
335,2024-03-17 12:00:00,36,284.3623349487656
336,2024-03-17 12:00:00,37,284.87147218050916
337,2024-03-17 12:00:00,38,284.3768173115865
338,2024-03-17 12:00:00,39,284.0421396305446
339,2024-03-17 12:00:00,40,283.8183212960397
340,2024-03-17 12:00:00,41,284.4302204866706
341,2024-03-17 12:00:00,42,283.6901313026094
342,2024-03-17 12:00:00,43,284.6611552288124
343,2024-03-17 12:00:00,44,283.776354282684
344,2024-03-17 12:00:00,45,284.61968731055094
345,2024-03-17 12:00:00,46,284.2181136767048
346,2024-03-17 12:00:00,47,284.6443753075404
347,2024-03-17 12:00:00,48,284.0619571478212
348,2024-03-17 12:00:00,49,284.4309777343998
349,2024-03-17 12:00:00,50,284.1436194313449
350,2024-03-17 18:00:00,1,284.72016031607495
351,2024-03-17 18:00:00,2,285.3745256151558
352,2024-03-17 18:00:00,3,285.5774852167564
353,2024-03-17 18:00:00,4,284.88572220595864
354,2024-03-17 18:00:00,5,285.0416205822072
355,2024-03-17 18:00:00,6,285.3295124007077
356,2024-03-17 18:00:00,7,284.87783134041695
357,2024-03-17 18:00:00,8,285.8989454828887
358,2024-03-17 18:00:00,9,284.5378185049193
359,2024-03-17 18:00:00,10,284.6227507218191
360,2024-03-17 18:00:00,11,284.8246777128799
361,2024-03-17 18:00:00,12,284.30078275550477
362,2024-03-17 18:00:00,13,284.63878200044974
363,2024-03-17 18:00:00,14,284.230582448973
364,2024-03-17 18:00:00,15,284.64512395018176
365,2024-03-17 18:00:00,16,284.8572393652354
366,2024-03-17 18:00:00,17,284.9030184325005
367,2024-03-17 18:00:00,18,284.74405664498386
368,2024-03-17 18:00:00,19,284.2595729898783
369,2024-03-17 18:00:00,20,285.0362854277515
370,2024-03-17 18:00:00,21,284.7438243076124
371,2024-03-17 18:00:00,22,285.04849604738484
372,2024-03-17 18:00:00,23,284.41674491912596
373,2024-03-17 18:00:00,24,285.1039472333729
374,2024-03-17 18:00:00,25,285.3913313516913
375,2024-03-17 18:00:00,26,284.04441997882
376,2024-03-17 18:00:00,27,285.1937155096341
377,2024-03-17 18:00:00,28,285.26236690035614
378,2024-03-17 18:00:00,29,284.4251520899376
379,2024-03-17 18:00:00,30,284.4426892589388
380,2024-03-17 18:00:00,31,284.8740192865074
381,2024-03-17 18:00:00,32,285.14616379427565
382,2024-03-17 18:00:00,33,284.60442188473735
383,2024-03-17 18:00:00,34,285.2786477265339
384,2024-03-17 18:00:00,35,285.08155679483457
385,2024-03-17 18:00:00,36,284.68937991690063
386,2024-03-17 18:00:00,37,284.7916169654302
387,2024-03-17 18:00:00,38,284.42362898939143
388,2024-03-17 18:00:00,39,285.25475139762506
389,2024-03-17 18:00:00,40,284.0696156759915
390,2024-03-17 18:00:00,41,285.00041081658077
391,2024-03-17 18:00:00,42,284.6085006963697
392,2024-03-17 18:00:00,43,284.65582007435665
393,2024-03-17 18:00:00,44,284.7107377448991
394,2024-03-17 18:00:00,45,284.59045582718636
395,2024-03-17 18:00:00,46,285.20746643998933
396,2024-03-17 18:00:00,47,285.01720794802844
397,2024-03-17 18:00:00,48,284.97853668331237
398,2024-03-17 18:00:00,49,285.3335826072521
399,2024-03-17 18:00:00,50,284.81478186187337
400,2024-03-18 00:00:00,1,283.9027458127574
401,2024-03-18 00:00:00,2,284.18606832961916
402,2024-03-18 00:00:00,3,283.08052967042966
403,2024-03-18 00:00:00,4,283.7664584316775
404,2024-03-18 00:00:00,5,283.38800666883526
405,2024-03-18 00:00:00,6,283.30967455430243
406,2024-03-18 00:00:00,7,283.441427054095
407,2024-03-18 00:00:00,8,282.8129802795636
408,2024-03-18 00:00:00,9,283.36130508129327
409,2024-03-18 00:00:00,10,284.32620218495987
410,2024-03-18 00:00:00,11,283.5670527313514
411,2024-03-18 00:00:00,12,282.062478939226
412,2024-03-18 00:00:00,13,283.89639525793757
413,2024-03-18 00:00:00,14,284.06755045491184
414,2024-03-18 00:00:00,15,283.839687729126
415,2024-03-18 00:00:00,16,284.00550777164466
416,2024-03-18 00:00:00,17,284.1659926597075
417,2024-03-18 00:00:00,18,283.69523411969374
418,2024-03-18 00:00:00,19,284.14436807398624
419,2024-03-18 00:00:00,20,283.4546358639168
420,2024-03-18 00:00:00,21,283.9874370871979
421,2024-03-18 00:00:00,22,283.2684819988517
422,2024-03-18 00:00:00,23,283.81043043049795
423,2024-03-18 00:00:00,24,283.3999677409214
424,2024-03-18 00:00:00,25,284.29696209650746
425,2024-03-18 00:00:00,26,283.7997601215865
426,2024-03-18 00:00:00,27,283.4299736821909
427,2024-03-18 00:00:00,28,283.39385812856085
428,2024-03-18 00:00:00,29,283.8320550162192
429,2024-03-18 00:00:00,30,284.1059549619052
430,2024-03-18 00:00:00,31,283.06628825006806
431,2024-03-18 00:00:00,32,284.33052193905144
432,2024-03-18 00:00:00,33,282.6632001207634
433,2024-03-18 00:00:00,34,282.96201179572245
434,2024-03-18 00:00:00,35,283.9564243506521
435,2024-03-18 00:00:00,36,282.449793942535
436,2024-03-18 00:00:00,37,284.03982486191785
437,2024-03-18 00:00:00,38,282.9467549749966
438,2024-03-18 00:00:00,39,283.71837320087343
439,2024-03-18 00:00:00,40,283.17997867050167
440,2024-03-18 00:00:00,41,283.830790068308
441,2024-03-18 00:00:00,42,283.7842279380501
442,2024-03-18 00:00:00,43,282.7689566502162
443,2024-03-18 00:00:00,44,283.7712772808633
444,2024-03-18 00:00:00,45,284.23515175061164
445,2024-03-18 00:00:00,46,282.5868729916955
446,2024-03-18 00:00:00,47,282.97372332026146
447,2024-03-18 00:00:00,48,283.5764580923515
448,2024-03-18 00:00:00,49,283.2310756820469
449,2024-03-18 00:00:00,50,284.2745716579691
450,2024-03-18 06:00:00,1,282.9218346406358
451,2024-03-18 06:00:00,2,283.2501703719456
452,2024-03-18 06:00:00,3,281.45108744877723
453,2024-03-18 06:00:00,4,282.756023203205
454,2024-03-18 06:00:00,5,282.73083611112133
455,2024-03-18 06:00:00,6,282.6110360783271
456,2024-03-18 06:00:00,7,282.7524520917548
457,2024-03-18 06:00:00,8,282.26693582610943
458,2024-03-18 06:00:00,9,282.565764711244
459,2024-03-18 06:00:00,10,282.586382501689
460,2024-03-18 06:00:00,11,282.8157683280211
461,2024-03-18 06:00:00,12,282.29670943000747
462,2024-03-18 06:00:00,13,283.3109395022137
463,2024-03-18 06:00:00,14,282.70336867076225
464,2024-03-18 06:00:00,15,282.86510990164857
465,2024-03-18 06:00:00,16,283.2227029315866
466,2024-03-18 06:00:00,17,280.9579298651372
467,2024-03-18 06:00:00,18,283.106964500249
468,2024-03-18 06:00:00,19,283.1575968370512
469,2024-03-18 06:00:00,20,282.92462268909327
470,2024-03-18 06:00:00,21,283.59401247152834
471,2024-03-18 06:00:00,22,282.4152014894512
472,2024-03-18 06:00:00,23,283.3307828347538
473,2024-03-18 06:00:00,24,281.72752589537356
474,2024-03-18 06:00:00,25,283.0548434832517
475,2024-03-18 06:00:00,26,282.81120763147027
476,2024-03-18 06:00:00,27,282.6616684151294
477,2024-03-18 06:00:00,28,282.3648617256352
478,2024-03-18 06:00:00,29,283.17029794669094
479,2024-03-18 06:00:00,30,282.97269931480946
480,2024-03-18 06:00:00,31,281.9263980802541
481,2024-03-18 06:00:00,32,283.4882215217243
482,2024-03-18 06:00:00,33,282.31983130101145
483,2024-03-18 06:00:00,34,281.16649137891636
484,2024-03-18 06:00:00,35,282.80865192038425
485,2024-03-18 06:00:00,36,281.2313307157289
486,2024-03-18 06:00:00,37,282.8274712474723
487,2024-03-18 06:00:00,38,282.3913137656301
488,2024-03-18 06:00:00,39,282.6916571462232
489,2024-03-18 06:00:00,40,283.16852529859756
490,2024-03-18 06:00:00,41,283.18659598304436
491,2024-03-18 06:00:00,42,283.31374476084693
492,2024-03-18 06:00:00,43,282.6687934278541
493,2024-03-18 06:00:00,44,281.7809376755455
494,2024-03-18 06:00:00,45,283.5538267113539
495,2024-03-18 06:00:00,46,282.485143643348
496,2024-03-18 06:00:00,47,283.1817599236829
497,2024-03-18 06:00:00,48,283.1331755977846
498,2024-03-18 06:00:00,49,280.9892093594058
499,2024-03-18 06:00:00,50,283.3142438559412
500,2024-03-18 12:00:00,1,285.57342361529976
501,2024-03-18 12:00:00,2,285.89692328724817
502,2024-03-18 12:00:00,3,285.9620293817835
503,2024-03-18 12:00:00,4,286.37988384180755
504,2024-03-18 12:00:00,5,285.8183416251683
505,2024-03-18 12:00:00,6,286.5998729122273
506,2024-03-18 12:00:00,7,285.95031785724444
507,2024-03-18 12:00:00,8,286.043906792503
508,2024-03-18 12:00:00,9,286.98186136616835
509,2024-03-18 12:00:00,10,286.3745314771761
510,2024-03-18 12:00:00,11,285.89613161916765
511,2024-03-18 12:00:00,12,286.4327793167095
512,2024-03-18 12:00:00,13,285.89638977180266
513,2024-03-18 12:00:00,14,286.2514356957423
514,2024-03-18 12:00:00,15,287.35749066020173
515,2024-03-18 12:00:00,16,285.707955558462
516,2024-03-18 12:00:00,17,286.9106370541846
517,2024-03-18 12:00:00,18,286.4388717188944
518,2024-03-18 12:00:00,19,286.11306588340716
519,2024-03-18 12:00:00,20,286.594004242326
520,2024-03-18 12:00:00,21,284.3002836604105
521,2024-03-18 12:00:00,22,286.0258705284076
522,2024-03-18 12:00:00,23,286.7227191461139
523,2024-03-18 12:00:00,24,285.9882060589679
524,2024-03-18 12:00:00,25,286.87631996391144
525,2024-03-18 12:00:00,26,285.8704540370776
526,2024-03-18 12:00:00,27,286.05334657385447
527,2024-03-18 12:00:00,28,287.41090244037366
528,2024-03-18 12:00:00,29,286.4182883488008
529,2024-03-18 12:00:00,30,286.48592433915866
530,2024-03-18 12:00:00,31,285.99227626551226
531,2024-03-18 12:00:00,32,285.4905135940405
532,2024-03-18 12:00:00,33,285.99280117587
533,2024-03-18 12:00:00,34,285.56756355048634
534,2024-03-18 12:00:00,35,286.76313724365986
535,2024-03-18 12:00:00,36,286.8836945241832
536,2024-03-18 12:00:00,37,286.6156288280473
537,2024-03-18 12:00:00,38,286.3803829369017
538,2024-03-18 12:00:00,39,285.8442773598933
539,2024-03-18 12:00:00,40,286.81323606501655
540,2024-03-18 12:00:00,41,285.8376600473506
541,2024-03-18 12:00:00,42,286.551030433694
542,2024-03-18 12:00:00,43,286.1090214921262
543,2024-03-18 12:00:00,44,285.77457614845576
544,2024-03-18 12:00:00,45,287.1326827405961
545,2024-03-18 12:00:00,46,286.56070255241696
546,2024-03-18 12:00:00,47,286.66090019513035
547,2024-03-18 12:00:00,48,286.7364184459421
548,2024-03-18 12:00:00,49,286.3219113650847
549,2024-03-18 12:00:00,50,285.71482241855176
550,2024-03-18 18:00:00,1,284.68530971035625
551,2024-03-18 18:00:00,2,285.2359234654491
552,2024-03-18 18:00:00,3,284.63166559281285
553,2024-03-18 18:00:00,4,284.5146708186518
554,2024-03-18 18:00:00,5,284.11537753308096
555,2024-03-18 18:00:00,6,283.9861721392866
556,2024-03-18 18:00:00,7,284.3231559838674
557,2024-03-18 18:00:00,8,283.9757513779223
558,2024-03-18 18:00:00,9,283.7600734565063
559,2024-03-18 18:00:00,10,284.13749260880866
560,2024-03-18 18:00:00,11,284.84274839732666
561,2024-03-18 18:00:00,12,284.63166559281285
562,2024-03-18 18:00:00,13,284.92083096431236
563,2024-03-18 18:00:00,14,283.856725803033
564,2024-03-18 18:00:00,15,284.29644579123755
565,2024-03-18 18:00:00,16,282.9882142881702
566,2024-03-18 18:00:00,17,285.3903073462393
567,2024-03-18 18:00:00,18,284.87376113387245
568,2024-03-18 18:00:00,19,284.71023864980486
569,2024-03-18 18:00:00,20,284.5403570058297
570,2024-03-18 18:00:00,21,283.75576230750255
571,2024-03-18 18:00:00,22,284.04796527500673
572,2024-03-18 18:00:00,23,284.71863721552876
573,2024-03-18 18:00:00,24,284.22194294078986
574,2024-03-18 18:00:00,25,285.0759634877439
575,2024-03-18 18:00:00,26,284.36333313895403
576,2024-03-18 18:00:00,27,283.5184770105409
577,2024-03-18 18:00:00,28,284.3691845986797
578,2024-03-18 18:00:00,29,282.6448712836817
579,2024-03-18 18:00:00,30,283.7544801494156
580,2024-03-18 18:00:00,31,284.4093703588542
581,2024-03-18 18:00:00,32,283.356968117026
582,2024-03-18 18:00:00,33,283.9065836819304
583,2024-03-18 18:00:00,34,284.610015191828
584,2024-03-18 18:00:00,35,284.781187598978
585,2024-03-18 18:00:00,36,283.88265293267017
586,2024-03-18 18:00:00,37,285.15758274582845
587,2024-03-18 18:00:00,38,284.53575328383965
588,2024-03-18 18:00:00,39,284.2613628481473
589,2024-03-18 18:00:00,40,284.94497684076833
590,2024-03-18 18:00:00,41,284.75322106352473
591,2024-03-18 18:00:00,42,284.2290679535146
592,2024-03-18 18:00:00,43,282.90173315546065
593,2024-03-18 18:00:00,44,283.5774907028913
594,2024-03-18 18:00:00,45,285.0207704543908
595,2024-03-18 18:00:00,46,284.5462084655553
596,2024-03-18 18:00:00,47,284.1700542611642
597,2024-03-18 18:00:00,48,284.6130958132718
598,2024-03-18 18:00:00,49,284.281946218241
599,2024-03-18 18:00:00,50,282.8147701378326
600,2024-03-19 00:00:00,1,281.5772122211278
601,2024-03-19 00:00:00,2,282.317550952736
602,2024-03-19 00:00:00,3,283.0800305753354
603,2024-03-19 00:00:00,4,282.6283495150447
604,2024-03-19 00:00:00,5,281.41189987879125
605,2024-03-19 00:00:00,6,282.41266298854083
606,2024-03-19 00:00:00,7,282.2979829830065
607,2024-03-19 00:00:00,8,280.70743575835377
608,2024-03-19 00:00:00,9,281.411400783697
609,2024-03-19 00:00:00,10,282.8195975921062
610,2024-03-19 00:00:00,11,283.08612297752035
611,2024-03-19 00:00:00,12,281.93632835161196
612,2024-03-19 00:00:00,13,282.4495616051635
613,2024-03-19 00:00:00,14,279.9569258129284
614,2024-03-19 00:00:00,15,282.26058527128953
615,2024-03-19 00:00:00,16,281.07518279193323
616,2024-03-19 00:00:00,17,279.7504123100532
617,2024-03-19 00:00:00,18,282.44013042889986
618,2024-03-19 00:00:00,19,281.67691937383483
619,2024-03-19 00:00:00,20,282.0446664074142
620,2024-03-19 00:00:00,21,280.7786514652497
621,2024-03-19 00:00:00,22,281.43022871587294
622,2024-03-19 00:00:00,23,282.3625555620963
623,2024-03-19 00:00:00,24,281.09907912084213
624,2024-03-19 00:00:00,25,283.259308975223
625,2024-03-19 00:00:00,26,279.7097102446088
626,2024-03-19 00:00:00,27,282.963259533458
627,2024-03-19 00:00:00,28,280.61486222345934
628,2024-03-19 00:00:00,29,281.18860645464406
629,2024-03-19 00:00:00,30,282.1743795013906
630,2024-03-19 00:00:00,31,281.6835108711139
631,2024-03-19 00:00:00,32,279.7422718969643
632,2024-03-19 00:00:00,33,281.293382004084
633,2024-03-19 00:00:00,34,283.17792205450985
634,2024-03-19 00:00:00,35,282.19267391812105
635,2024-03-19 00:00:00,36,279.4373247943813
636,2024-03-19 00:00:00,37,281.76592179727896
637,2024-03-19 00:00:00,38,282.81628463329105
638,2024-03-19 00:00:00,39,283.241505048499
639,2024-03-19 00:00:00,40,281.25320484899737
640,2024-03-19 00:00:00,41,281.4014705123391
641,2024-03-19 00:00:00,42,281.3302720156189
642,2024-03-19 00:00:00,43,280.2135209269846
643,2024-03-19 00:00:00,44,281.4269071519699
644,2024-03-19 00:00:00,45,283.3694454943821
645,2024-03-19 00:00:00,46,281.87454382097974
646,2024-03-19 00:00:00,47,280.6957156287269
647,2024-03-19 00:00:00,48,282.39310362389915
648,2024-03-19 00:00:00,49,282.42692161907814
649,2024-03-19 00:00:00,50,279.62882241899
650,2024-03-19 06:00:00,1,282.1720905480274
651,2024-03-19 06:00:00,2,281.480310327054
652,2024-03-19 06:00:00,3,282.202346036844
653,2024-03-19 06:00:00,4,282.0113475073295
654,2024-03-19 06:00:00,5,280.77610435925146
655,2024-03-19 06:00:00,6,281.412424789149
656,2024-03-19 06:00:00,7,283.49305758108574
657,2024-03-19 06:00:00,8,281.05712071257426
658,2024-03-19 06:00:00,9,280.9508134575003
659,2024-03-19 06:00:00,10,282.41471099944476
660,2024-03-19 06:00:00,11,283.3282443338435
661,2024-03-19 06:00:00,12,281.9246254321607
662,2024-03-19 06:00:00,13,282.48871475479814
663,2024-03-19 06:00:00,14,278.8897830556444
664,2024-03-19 06:00:00,15,281.4027612755139
665,2024-03-19 06:00:00,16,280.74201100126186
666,2024-03-19 06:00:00,17,281.4640553161397
667,2024-03-19 06:00:00,18,281.9887161263319
668,2024-03-19 06:00:00,19,281.2285426672714
669,2024-03-19 06:00:00,20,281.4889756505006
670,2024-03-19 06:00:00,21,280.5843485820078
671,2024-03-19 06:00:00,22,281.88215071862305
672,2024-03-19 06:00:00,23,282.5558602551497
673,2024-03-19 06:00:00,24,280.6921703325402
674,2024-03-19 06:00:00,25,281.6201946348476
675,2024-03-19 06:00:00,26,281.67589536838284
676,2024-03-19 06:00:00,27,282.67309597176995
677,2024-03-19 06:00:00,28,281.4734606771399
678,2024-03-19 06:00:00,29,280.89970784086734
679,2024-03-19 06:00:00,30,282.6916571462232
680,2024-03-19 06:00:00,31,280.4963529538399
681,2024-03-19 06:00:00,32,281.03881769075605
682,2024-03-19 06:00:00,33,280.81271040288794
683,2024-03-19 06:00:00,34,281.5726429194891
684,2024-03-19 06:00:00,35,281.2842347957188
685,2024-03-19 06:00:00,36,277.83128841163136
686,2024-03-19 06:00:00,37,280.9365892473144
687,2024-03-19 06:00:00,38,282.47471427689584
688,2024-03-19 06:00:00,39,281.7654313072726
689,2024-03-19 06:00:00,40,281.7694929087292
690,2024-03-19 06:00:00,41,281.8073811104525
691,2024-03-19 06:00:00,42,279.99634572028583
692,2024-03-19 06:00:00,43,278.66316806759414
693,2024-03-19 06:00:00,44,282.91776443409134
694,2024-03-19 06:00:00,45,283.37324894320375
695,2024-03-19 06:00:00,46,281.4297038055152
696,2024-03-19 06:00:00,47,281.1870833540978
697,2024-03-19 06:00:00,48,282.6448712836817
698,2024-03-19 06:00:00,49,282.36434542036534
699,2024-03-19 06:00:00,50,278.23488424111804
700,2024-03-19 12:00:00,1,287.5187327959938
701,2024-03-19 12:00:00,2,287.8361486708451
702,2024-03-19 12:00:00,3,287.49332197162653
703,2024-03-19 12:00:00,4,287.66396086333094
704,2024-03-19 12:00:00,5,287.53958292381026
705,2024-03-19 12:00:00,6,287.83154494885514
706,2024-03-19 12:00:00,7,286.748138575569
707,2024-03-19 12:00:00,8,288.2417925112358
708,2024-03-19 12:00:00,9,287.5800268366197
709,2024-03-19 12:00:00,10,285.7410163059118
710,2024-03-19 12:00:00,11,286.27229442864655
711,2024-03-19 12:00:00,12,288.06476864436024
712,2024-03-19 12:00:00,13,286.2461177514623
713,2024-03-19 12:00:00,14,287.54772333689914
714,2024-03-19 12:00:00,15,287.9750089731868
715,2024-03-19 12:00:00,16,287.2112730077639
716,2024-03-19 12:00:00,17,288.1329381501636
717,2024-03-19 12:00:00,18,288.24993292432464
718,2024-03-19 12:00:00,19,288.41547760403273
719,2024-03-19 12:00:00,20,288.3068900006833
720,2024-03-19 12:00:00,21,287.60547208133835
721,2024-03-19 12:00:00,22,288.6459132510803
722,2024-03-19 12:00:00,23,288.1197035250783
723,2024-03-19 12:00:00,24,286.82799379064807
724,2024-03-19 12:00:00,25,287.189631211867
725,2024-03-19 12:00:00,26,288.9577100035774
726,2024-03-19 12:00:00,27,285.4269133898757
727,2024-03-19 12:00:00,28,288.19116017443355
728,2024-03-19 12:00:00,29,288.1209942882531
729,2024-03-19 12:00:00,30,286.35927465645034
730,2024-03-19 12:00:00,31,289.0525638867473
731,2024-03-19 12:00:00,32,287.72651985186815
732,2024-03-19 12:00:00,33,287.6459159941477
733,2024-03-19 12:00:00,34,288.11285387516426
734,2024-03-19 12:00:00,35,285.66370819683095
735,2024-03-19 12:00:00,36,286.91471586581685
736,2024-03-19 12:00:00,37,287.99890530209564
737,2024-03-19 12:00:00,38,287.19677343476735
738,2024-03-19 12:00:00,39,287.52382700799023
739,2024-03-19 12:00:00,40,287.8867465872961
740,2024-03-19 12:00:00,41,288.27892346523
741,2024-03-19 12:00:00,42,287.234136726133
742,2024-03-19 12:00:00,43,286.21481244193023
743,2024-03-19 12:00:00,44,287.50297688017383
744,2024-03-19 12:00:00,45,286.9465116653554
745,2024-03-19 12:00:00,46,288.5416367967346
746,2024-03-19 12:00:00,47,288.5365425847382
747,2024-03-19 12:00:00,48,288.1176813294379
748,2024-03-19 12:00:00,49,287.0286472287098
749,2024-03-19 12:00:00,50,286.5350077601512
750,2024-03-19 18:00:00,1,285.34427012633915
751,2024-03-19 18:00:00,2,285.88368866216285
752,2024-03-19 18:00:00,3,286.2954335098263
753,2024-03-19 18:00:00,4,286.3956397576275
754,2024-03-19 18:00:00,5,284.6519908102715
755,2024-03-19 18:00:00,6,285.4762549635032
756,2024-03-19 18:00:00,7,286.7308251388515
757,2024-03-19 18:00:00,8,284.94779070448936
758,2024-03-19 18:00:00,9,285.5975780968436
759,2024-03-19 18:00:00,10,284.7651649254352
760,2024-03-19 18:00:00,11,285.2522128967147
761,2024-03-19 18:00:00,12,284.58179050373974
762,2024-03-19 18:00:00,13,284.9299867777654
763,2024-03-19 18:00:00,14,284.3511225193207
764,2024-03-19 18:00:00,15,285.5637601016647
765,2024-03-19 18:00:00,16,284.85749751787034
766,2024-03-19 18:00:00,17,284.0044751611049
767,2024-03-19 18:00:00,18,284.7321213881612
768,2024-03-19 18:00:00,19,285.70590754755807
769,2024-03-19 18:00:00,20,285.35697984106673
770,2024-03-19 18:00:00,21,286.3923354039001
771,2024-03-19 18:00:00,22,284.9828736475796
772,2024-03-19 18:00:00,23,286.4175138908959
773,2024-03-19 18:00:00,24,284.90964435013103
774,2024-03-19 18:00:00,25,285.5085584632237
775,2024-03-19 18:00:00,26,285.8801261558005
776,2024-03-19 18:00:00,27,285.3735274249673
777,2024-03-19 18:00:00,28,286.79927000746557
778,2024-03-19 18:00:00,29,284.13699351371446
779,2024-03-19 18:00:00,30,284.77533613925243
780,2024-03-19 18:00:00,31,285.5347695607594
781,2024-03-19 18:00:00,32,285.63852110474727
782,2024-03-19 18:00:00,33,285.29291496215905
783,2024-03-19 18:00:00,34,284.6133367557311
784,2024-03-19 18:00:00,35,285.628358496018
785,2024-03-19 18:00:00,36,284.68530971035625
786,2024-03-19 18:00:00,37,285.37375976233875
787,2024-03-19 18:00:00,38,285.01213094620766
788,2024-03-19 18:00:00,39,285.92667968097055
789,2024-03-19 18:00:00,40,286.40987257290135
790,2024-03-19 18:00:00,41,284.49991309302027
791,2024-03-19 18:00:00,42,284.7445815553416
792,2024-03-19 18:00:00,43,285.06806401711435
793,2024-03-19 18:00:00,44,285.61691372920166
794,2024-03-19 18:00:00,45,284.52178722628867
795,2024-03-19 18:00:00,46,284.7150661040785
796,2024-03-19 18:00:00,47,285.0548552072925
797,2024-03-19 18:00:00,48,285.7570389794546
798,2024-03-19 18:00:00,49,286.17516019720136
799,2024-03-19 18:00:00,50,284.5848625200957
800,2024-03-20 00:00:00,1,283.92131559229836
801,2024-03-20 00:00:00,2,283.2730426954025
802,2024-03-20 00:00:00,3,284.4678763510225
803,2024-03-20 00:00:00,4,283.12910539124016
804,2024-03-20 00:00:00,5,281.12300126501447
805,2024-03-20 00:00:00,6,281.01415550903016
806,2024-03-20 00:00:00,7,285.20361996572854
807,2024-03-20 00:00:00,8,282.99659564371836
808,2024-03-20 00:00:00,9,283.71023278778455
809,2024-03-20 00:00:00,10,282.5177052957035
810,2024-03-20 00:00:00,11,284.7707582325259
811,2024-03-20 00:00:00,12,281.7020806506549
812,2024-03-20 00:00:00,13,281.4907569036818
813,2024-03-20 00:00:00,14,281.1624211723719
814,2024-03-20 00:00:00,15,282.7221707876747
815,2024-03-20 00:00:00,16,281.4521028491414
816,2024-03-20 00:00:00,17,280.6346883458238
817,2024-03-20 00:00:00,18,282.4523410485332
818,2024-03-20 00:00:00,19,281.0143792413138
819,2024-03-20 00:00:00,20,282.02280948432144
820,2024-03-20 00:00:00,21,283.45843931273845
821,2024-03-20 00:00:00,22,283.0220322833492
822,2024-03-20 00:00:00,23,282.76261470048416
823,2024-03-20 00:00:00,24,282.16292612948655
824,2024-03-20 00:00:00,25,283.97803172619774
825,2024-03-20 00:00:00,26,283.02992314889093
826,2024-03-20 00:00:00,27,285.04314368275345
827,2024-03-20 00:00:00,28,284.41624582403176
828,2024-03-20 00:00:00,29,281.0146546041244
829,2024-03-20 00:00:00,30,284.37122400449584
830,2024-03-20 00:00:00,31,283.63903429106426
831,2024-03-20 00:00:00,32,284.34578736486503
832,2024-03-20 00:00:00,33,282.55940555133634
833,2024-03-20 00:00:00,34,283.2730426954025
834,2024-03-20 00:00:00,35,283.9586960938397
835,2024-03-20 00:00:00,36,281.09222947092803
836,2024-03-20 00:00:00,37,283.42944877183317
837,2024-03-20 00:00:00,38,283.22244477895157
838,2024-03-20 00:00:00,39,283.7188722959677
839,2024-03-20 00:00:00,40,284.3638580493118
840,2024-03-20 00:00:00,41,281.1733496339183
841,2024-03-20 00:00:00,42,281.1624211723719
842,2024-03-20 00:00:00,43,279.6367304947074
843,2024-03-20 00:00:00,44,283.2376929945895
844,2024-03-20 00:00:00,45,280.56476340210264
845,2024-03-20 00:00:00,46,281.7455879747325
846,2024-03-20 00:00:00,47,281.46912371287266
847,2024-03-20 00:00:00,48,283.77890138868224
848,2024-03-20 00:00:00,49,281.92385097425586
849,2024-03-20 00:00:00,50,281.86612804508025
850,2024-03-20 06:00:00,1,283.886241254296
851,2024-03-20 06:00:00,2,281.5736669249411
852,2024-03-20 06:00:00,3,283.2514267147691
853,2024-03-20 06:00:00,4,283.0571238315272
854,2024-03-20 06:00:00,5,280.7468470606234
855,2024-03-20 06:00:00,6,280.0044861333747
856,2024-03-20 06:00:00,7,284.63216468790705
857,2024-03-20 06:00:00,8,280.858747622788
858,2024-03-20 06:00:00,9,281.1883741172726
859,2024-03-20 06:00:00,10,283.4711748427295
860,2024-03-20 06:00:00,11,283.8877471446666
861,2024-03-20 06:00:00,12,281.6011343653002
862,2024-03-20 06:00:00,13,279.59884229298405
863,2024-03-20 06:00:00,14,279.56067872845006
864,2024-03-20 06:00:00,15,283.5667945787164
865,2024-03-20 06:00:00,16,281.6662318547477
866,2024-03-20 06:00:00,17,278.5573685127023
867,2024-03-20 06:00:00,18,281.03626197967003
868,2024-03-20 06:00:00,19,282.5021989274306
869,2024-03-20 06:00:00,20,279.77073752751187
870,2024-03-20 06:00:00,21,282.77916228438465
871,2024-03-20 06:00:00,22,281.61867153430137
872,2024-03-20 06:00:00,23,282.34477745063583
873,2024-03-20 06:00:00,24,281.59756325384996
874,2024-03-20 06:00:00,25,281.9587015799746
875,2024-03-20 06:00:00,26,282.3915547080894
876,2024-03-20 06:00:00,27,283.83053191567296
877,2024-03-20 06:00:00,28,281.1974955103743
878,2024-03-20 06:00:00,29,279.4838783195513
879,2024-03-20 06:00:00,30,282.53171437869366
880,2024-03-20 06:00:00,31,284.4172440142202
881,2024-03-20 06:00:00,32,283.7412713395938
882,2024-03-20 06:00:00,33,281.91471237097846
883,2024-03-20 06:00:00,34,282.8493539858286
884,2024-03-20 06:00:00,35,282.22829898174473
885,2024-03-20 06:00:00,36,280.1110515410836
886,2024-03-20 06:00:00,37,282.907601825362
887,2024-03-20 06:00:00,38,282.0235581269628
888,2024-03-20 06:00:00,39,282.42563946099114
889,2024-03-20 06:00:00,40,281.508801772865
890,2024-03-20 06:00:00,41,281.0260993709407
891,2024-03-20 06:00:00,42,281.9518433249727
892,2024-03-20 06:00:00,43,279.19750099650923
893,2024-03-20 06:00:00,44,282.9592151421771
894,2024-03-20 06:00:00,45,282.64869194267897
895,2024-03-20 06:00:00,46,281.3249196509875
896,2024-03-20 06:00:00,47,282.30636433855466
897,2024-03-20 06:00:00,48,283.1118005596104
898,2024-03-20 06:00:00,49,282.5151581897053
899,2024-03-20 06:00:00,50,280.5764405062904
900,2024-03-20 12:00:00,1,287.6967806683215
901,2024-03-20 12:00:00,2,287.5988547687956
902,2024-03-20 12:00:00,3,288.81374688415156
903,2024-03-20 12:00:00,4,288.2728052477816
904,2024-03-20 12:00:00,5,286.2781544934601
905,2024-03-20 12:00:00,6,288.7605932566145
906,2024-03-20 12:00:00,7,289.0207852973844
907,2024-03-20 12:00:00,8,288.91955504413124
908,2024-03-20 12:00:00,9,288.76085140924954
909,2024-03-20 12:00:00,10,287.5825739426179
910,2024-03-20 12:00:00,11,288.7664447163402
911,2024-03-20 12:00:00,12,286.16318191493946
912,2024-03-20 12:00:00,13,286.1646964103978
913,2024-03-20 12:00:00,14,289.58308476175284
914,2024-03-20 12:00:00,15,285.7488985663657
915,2024-03-20 12:00:00,16,289.37580540606064
916,2024-03-20 12:00:00,17,288.7822350525115
917,2024-03-20 12:00:00,18,289.1069996723711
918,2024-03-20 12:00:00,19,289.4264377428629
919,2024-03-20 12:00:00,20,289.46227793368234
920,2024-03-20 12:00:00,21,288.63624973744516
921,2024-03-20 12:00:00,22,290.09174871366577
922,2024-03-20 12:00:00,23,284.1003616548145
923,2024-03-20 12:00:00,24,289.62963828692284
924,2024-03-20 12:00:00,25,286.47040936579793
925,2024-03-20 12:00:00,26,288.89793045841
926,2024-03-20 12:00:00,27,287.88419948129786
927,2024-03-20 12:00:00,28,289.3442935744207
928,2024-03-20 12:00:00,29,288.84657529422975
929,2024-03-20 12:00:00,30,288.19804424469896
930,2024-03-20 12:00:00,31,288.43964069066436
931,2024-03-20 12:00:00,32,286.1036863376704
932,2024-03-20 12:00:00,33,289.8254728757988
933,2024-03-20 12:00:00,34,289.63854455282876
934,2024-03-20 12:00:00,35,288.613850693819
935,2024-03-20 12:00:00,36,289.96533136832886
936,2024-03-20 12:00:00,37,288.90227602776497
937,2024-03-20 12:00:00,38,282.1476693087608
938,2024-03-20 12:00:00,39,289.90049203151636
939,2024-03-20 12:00:00,40,288.70543464361276
940,2024-03-20 12:00:00,41,285.48059192777043
941,2024-03-20 12:00:00,42,288.0523256873554
942,2024-03-20 12:00:00,43,288.4719441903849
943,2024-03-20 12:00:00,44,288.3483579189447
944,2024-03-20 12:00:00,45,287.1067297956954
945,2024-03-20 12:00:00,46,288.5314397676539
946,2024-03-20 12:00:00,47,288.7466271990635
947,2024-03-20 12:00:00,48,283.38420322001366
948,2024-03-20 12:00:00,49,286.9556760838962
949,2024-03-20 12:00:00,50,289.6021708465638
950,2024-03-20 18:00:00,1,285.68201121864917
951,2024-03-20 18:00:00,2,285.40251796587256
952,2024-03-20 18:00:00,3,283.61664385252595
953,2024-03-20 18:00:00,4,282.9581997418129
954,2024-03-20 18:00:00,5,284.640046948361
955,2024-03-20 18:00:00,6,286.30052772182273
956,2024-03-20 18:00:00,7,286.83180584455755
957,2024-03-20 18:00:00,8,284.24838637569695
958,2024-03-20 18:00:00,9,286.38419499081124
959,2024-03-20 18:00:00,10,286.5843493337787
960,2024-03-20 18:00:00,11,285.6054517522098
961,2024-03-20 18:00:00,12,283.1436049642367
962,2024-03-20 18:00:00,13,284.23440310797037
963,2024-03-20 18:00:00,14,285.70845465355626
964,2024-03-20 18:00:00,15,283.3015255361257
965,2024-03-20 18:00:00,16,286.0645331880358
966,2024-03-20 18:00:00,17,286.017205204961
967,2024-03-20 18:00:00,18,286.86996940909154
968,2024-03-20 18:00:00,19,285.5772270641214
969,2024-03-20 18:00:00,20,285.9233753272431
970,2024-03-20 18:00:00,21,286.59705904850625
971,2024-03-20 18:00:00,22,286.3068782766426
972,2024-03-20 18:00:00,23,282.9778021318938
973,2024-03-20 18:00:00,24,286.53043845851255
974,2024-03-20 18:00:00,25,284.7606042288844
975,2024-03-20 18:00:00,26,286.9968772444348
976,2024-03-20 18:00:00,27,281.70158155556067
977,2024-03-20 18:00:00,28,286.6184426917682
978,2024-03-20 18:00:00,29,284.770500079891
979,2024-03-20 18:00:00,30,286.6181845391333
980,2024-03-20 18:00:00,31,286.53858747668926
981,2024-03-20 18:00:00,32,280.822373916523
982,2024-03-20 18:00:00,33,286.98668882044194
983,2024-03-20 18:00:00,34,286.58484842887293
984,2024-03-20 18:00:00,35,285.4104002263265
985,2024-03-20 18:00:00,36,286.9963523340771
986,2024-03-20 18:00:00,37,285.8358701890816
987,2024-03-20 18:00:00,38,282.22471926520666
988,2024-03-20 18:00:00,39,288.01390397018645
989,2024-03-20 18:00:00,40,285.59046168920673
990,2024-03-20 18:00:00,41,282.09425752858886
991,2024-03-20 18:00:00,42,285.8313008874429
992,2024-03-20 18:00:00,43,285.0472138892979
993,2024-03-20 18:00:00,44,285.5029651561331
994,2024-03-20 18:00:00,45,284.35621673131715
995,2024-03-20 18:00:00,46,285.6314046971104
996,2024-03-20 18:00:00,47,285.2341422122679
997,2024-03-20 18:00:00,48,280.1743677773499
998,2024-03-20 18:00:00,49,283.8478367473027
999,2024-03-20 18:00:00,50,285.9996508257841
1000,2024-03-21 00:00:00,1,282.5517900486052
1001,2024-03-21 00:00:00,2,282.2310698200265
1002,2024-03-21 00:00:00,3,280.8267022757024
1003,2024-03-21 00:00:00,4,279.8376506904919
1004,2024-03-21 00:00:00,5,281.5281288001353
1005,2024-03-21 00:00:00,6,283.4510819626423
1006,2024-03-21 00:00:00,7,282.31043454509916
1007,2024-03-21 00:00:00,8,281.7379466567378
1008,2024-03-21 00:00:00,9,283.9019885650282
1009,2024-03-21 00:00:00,10,284.265932149786
1010,2024-03-21 00:00:00,11,283.4556598693688
1011,2024-03-21 00:00:00,12,281.67106791410913
1012,2024-03-21 00:00:00,13,281.6527562872031
1013,2024-03-21 00:00:00,14,283.5960518773445
1014,2024-03-21 00:00:00,15,280.3442408162373
1015,2024-03-21 00:00:00,16,282.81807449155997
1016,2024-03-21 00:00:00,17,280.1239935931826
1017,2024-03-21 00:00:00,18,283.08128691815887
1018,2024-03-21 00:00:00,19,283.1448613070602
1019,2024-03-21 00:00:00,20,281.63239664939306
1020,2024-03-21 00:00:00,21,283.810172277863
1021,2024-03-21 00:00:00,22,284.57494085382564
1022,2024-03-21 00:00:00,23,280.6108006220028
1023,2024-03-21 00:00:00,24,283.9409007722036
1024,2024-03-21 00:00:00,25,281.8229132939889
1025,2024-03-21 00:00:00,26,284.11892282926766
1026,2024-03-21 00:00:00,27,279.8587417607676
1027,2024-03-21 00:00:00,28,281.8307783442672
1028,2024-03-21 00:00:00,29,281.78246938117957
1029,2024-03-21 00:00:00,30,284.06169899518625
1030,2024-03-21 00:00:00,31,283.9816028376479
1031,2024-03-21 00:00:00,32,280.01567274755604
1032,2024-03-21 00:00:00,33,283.7989856636816
1033,2024-03-21 00:00:00,34,283.99991446455397
1034,2024-03-21 00:00:00,35,283.05153052443654
1035,2024-03-21 00:00:00,36,283.0291572960739
1036,2024-03-21 00:00:00,37,281.95259196761407
1037,2024-03-21 00:00:00,38,279.62680882843733
1038,2024-03-21 00:00:00,39,282.1967527297533
1039,2024-03-21 00:00:00,40,283.6469165515182
1040,2024-03-21 00:00:00,41,279.76514422042123
1041,2024-03-21 00:00:00,42,284.60774344864046
1042,2024-03-21 00:00:00,43,281.3134748841712
1043,2024-03-21 00:00:00,44,283.4070755434705
1044,2024-03-21 00:00:00,45,280.7511840248906
1045,2024-03-21 00:00:00,46,282.301029184099
1046,2024-03-21 00:00:00,47,283.8531632966706
1047,2024-03-21 00:00:00,48,279.6959765244293
1048,2024-03-21 00:00:00,49,281.79288153745597
1049,2024-03-21 00:00:00,50,281.3496076479769
1050,2024-03-21 06:00:00,1,281.8040681516373
1051,2024-03-21 06:00:00,2,280.1138309844532
1052,2024-03-21 06:00:00,3,280.2865264921495
1053,2024-03-21 06:00:00,4,278.85899405138224
1054,2024-03-21 06:00:00,5,280.4983665443925
1055,2024-03-21 06:00:00,6,279.22293763614005
1056,2024-03-21 06:00:00,7,281.35672405561377
1057,2024-03-21 06:00:00,8,280.1107847833608
1058,2024-03-21 06:00:00,9,281.1362100748363
1059,2024-03-21 06:00:00,10,280.7287763761766
1060,2024-03-21 06:00:00,11,279.74786520405496
1061,2024-03-21 06:00:00,12,278.26159443374786
1062,2024-03-21 06:00:00,13,280.4915168944784
1063,2024-03-21 06:00:00,14,281.88519691971544
1064,2024-03-21 06:00:00,15,280.51998252502597
1065,2024-03-21 06:00:00,16,281.1952237671867
1066,2024-03-21 06:00:00,17,277.57797183603896
1067,2024-03-21 06:00:00,18,281.542619768044
1068,2024-03-21 06:00:00,19,280.74201100126186
1069,2024-03-21 06:00:00,20,281.1972717780907
1070,2024-03-21 06:00:00,21,282.8539232874673
1071,2024-03-21 06:00:00,22,281.3117108411657
1072,2024-03-21 06:00:00,23,279.3002457452208
1073,2024-03-21 06:00:00,24,280.14944744298907
1074,2024-03-21 06:00:00,25,279.90427128048566
1075,2024-03-21 06:00:00,26,280.8679206464167
1076,2024-03-21 06:00:00,27,278.6390135860503
1077,2024-03-21 06:00:00,28,280.88495872032365
1078,2024-03-21 06:00:00,29,280.6987876450828
1079,2024-03-21 06:00:00,30,281.15885866600956
1080,2024-03-21 06:00:00,31,281.76720395536597
1081,2024-03-21 06:00:00,32,278.80151206466587
1082,2024-03-21 06:00:00,33,282.54543949378535
1083,2024-03-21 06:00:00,34,281.0919627132052
1084,2024-03-21 06:00:00,35,282.6247697985067
1085,2024-03-21 06:00:00,36,282.1947391392007
1086,2024-03-21 06:00:00,37,280.91113539750796
1087,2024-03-21 06:00:00,38,279.04592237435224
1088,2024-03-21 06:00:00,39,282.0060295630495
1089,2024-03-21 06:00:00,40,282.7374620287518
1090,2024-03-21 06:00:00,41,279.7961827722305
1091,2024-03-21 06:00:00,42,282.4749810346186
1092,2024-03-21 06:00:00,43,279.2264829323267
1093,2024-03-21 06:00:00,44,280.6517350248186
1094,2024-03-21 06:00:00,45,280.98539730549635
1095,2024-03-21 06:00:00,46,282.0756877490478
1096,2024-03-21 06:00:00,47,283.359781980747
1097,2024-03-21 06:00:00,48,280.81577381415605
1098,2024-03-21 06:00:00,49,280.76719809334554
1099,2024-03-21 06:00:00,50,280.4668375025769
1100,2024-03-21 12:00:00,1,284.2938986852393
1101,2024-03-21 12:00:00,2,282.1336688308585
1102,2024-03-21 12:00:00,3,281.9782867598798
1103,2024-03-21 12:00:00,4,281.53931541431655
1104,2024-03-21 12:00:00,5,284.05355858209737
1105,2024-03-21 12:00:00,6,285.8592674228962
1106,2024-03-21 12:00:00,7,283.7333890791399
1107,2024-03-21 12:00:00,8,287.15607136932294
1108,2024-03-21 12:00:00,9,285.14616379427565
1109,2024-03-21 12:00:00,10,282.38697680136295
1110,2024-03-21 12:00:00,11,285.12683676700544
1111,2024-03-21 12:00:00,12,284.4421901638446
1112,2024-03-21 12:00:00,13,282.75370843457824
1113,2024-03-21 12:00:00,14,283.45489401655175
1114,2024-03-21 12:00:00,15,284.9630475252151
1115,2024-03-21 12:00:00,16,289.8206368164373
1116,2024-03-21 12:00:00,17,287.33154632038884
1117,2024-03-21 12:00:00,18,283.32797757612065
1118,2024-03-21 12:00:00,19,284.6006356460914
1119,2024-03-21 12:00:00,20,285.5583991319455
1120,2024-03-21 12:00:00,21,288.13039104416544
1121,2024-03-21 12:00:00,22,283.42590347564646
1122,2024-03-21 12:00:00,23,279.7018279841549
1123,2024-03-21 12:00:00,24,280.11637809045146
1124,2024-03-21 12:00:00,25,283.1329174451496
1125,2024-03-21 12:00:00,26,282.40097727926525
1126,2024-03-21 12:00:00,27,283.1753749485117
1127,2024-03-21 12:00:00,28,289.16879280809127
1128,2024-03-21 12:00:00,29,287.31376820892837
1129,2024-03-21 12:00:00,30,289.99507915696336
1130,2024-03-21 12:00:00,31,285.6352253561077
1131,2024-03-21 12:00:00,32,282.1690099265836
1132,2024-03-21 12:00:00,33,289.51340936557887
1133,2024-03-21 12:00:00,34,283.67946099369806
1134,2024-03-21 12:00:00,35,286.44141882489265
1135,2024-03-21 12:00:00,36,290.53171824941745
1136,2024-03-21 12:00:00,37,289.31097467433597
1137,2024-03-21 12:00:00,38,280.6031420938324
1138,2024-03-21 12:00:00,39,281.946250017882
1139,2024-03-21 12:00:00,40,284.9714288807633
1140,2024-03-21 12:00:00,41,284.6809813511768
1141,2024-03-21 12:00:00,42,282.8445093213793
1142,2024-03-21 12:00:00,43,286.27103808582314
1143,2024-03-21 12:00:00,44,284.39589479130956
1144,2024-03-21 12:00:00,45,282.920543877461
1145,2024-03-21 12:00:00,46,284.60952470182167
1146,2024-03-21 12:00:00,47,279.8401719812266
1147,2024-03-21 12:00:00,48,282.92410638382336
1148,2024-03-21 12:00:00,49,282.64359773068264
1149,2024-03-21 12:00:00,50,289.5190026726695
1150,2024-03-21 18:00:00,1,283.8623191101236
1151,2024-03-21 18:00:00,2,280.9040189898711
1152,2024-03-21 18:00:00,3,280.8824030092376
1153,2024-03-21 18:00:00,4,282.38671864872794
1154,2024-03-21 18:00:00,5,283.6339400790679
1155,2024-03-21 18:00:00,6,284.71635686725335
1156,2024-03-21 18:00:00,7,280.8432498596029
1157,2024-03-21 18:00:00,8,284.2514411818772
1158,2024-03-21 18:00:00,9,282.2600861761953
1159,2024-03-21 18:00:00,10,282.13800579512565
1160,2024-03-21 18:00:00,11,283.97700772074575
1161,2024-03-21 18:00:00,12,283.63775213297737
1162,2024-03-21 18:00:00,13,281.3989234063409
1163,2024-03-21 18:00:00,14,281.38061177943484
1164,2024-03-21 18:00:00,15,282.35189385827266
1165,2024-03-21 18:00:00,16,285.79824013999314
1166,2024-03-21 18:00:00,17,283.78932215004653
1167,2024-03-21 18:00:00,18,282.1952296292071
1168,2024-03-21 18:00:00,19,283.50729039635956
1169,2024-03-21 18:00:00,20,285.6545437782901
1170,2024-03-21 18:00:00,21,285.50246606103883
1171,2024-03-21 18:00:00,22,283.0164389762585
1172,2024-03-21 18:00:00,23,280.9584461704071
1173,2024-03-21 18:00:00,24,279.1379882090646
1174,2024-03-21 18:00:00,25,280.9932795659503
1175,2024-03-21 18:00:00,26,280.98566406321913
1176,2024-03-21 18:00:00,27,281.2646582209014
1177,2024-03-21 18:00:00,28,284.5604498859169
1178,2024-03-21 18:00:00,29,283.60366738007565
1179,2024-03-21 18:00:00,30,286.38825659226785
1180,2024-03-21 18:00:00,31,284.75805712288616
1181,2024-03-21 18:00:00,32,279.2122501170529
1182,2024-03-21 18:00:00,33,285.08332083784006
1183,2024-03-21 18:00:00,34,281.79517049081926
1184,2024-03-21 18:00:00,35,284.71787996779955
1185,2024-03-21 18:00:00,36,287.94982188110305
1186,2024-03-21 18:00:00,37,286.1453779882155
1187,2024-03-21 18:00:00,38,281.3386533711671
1188,2024-03-21 18:00:00,39,281.3475682421608
1189,2024-03-21 18:00:00,40,282.879618079733
1190,2024-03-21 18:00:00,41,281.80152965072693
1191,2024-03-21 18:00:00,42,282.82926110574135
1192,2024-03-21 18:00:00,43,283.5283986768109
1193,2024-03-21 18:00:00,44,283.73031706278397
1194,2024-03-21 18:00:00,45,281.3971679684232
1195,2024-03-21 18:00:00,46,284.9688731696773
1196,2024-03-21 18:00:00,47,279.3607825381175
1197,2024-03-21 18:00:00,48,282.18606521066624
1198,2024-03-21 18:00:00,49,282.49762102070406
1199,2024-03-21 18:00:00,50,283.9304714057514
1200,2024-03-22 00:00:00,1,281.8198326725452
1201,2024-03-22 00:00:00,2,280.1987890166165
1202,2024-03-22 00:00:00,3,278.5072610862577
1203,2024-03-22 00:00:00,4,279.6527531682502
1204,2024-03-22 00:00:00,5,282.5344852169755
1205,2024-03-22 00:00:00,6,280.5655206498319
1206,2024-03-22 00:00:00,7,280.81525750888613
1207,2024-03-22 00:00:00,8,282.9778021318938
1208,2024-03-22 00:00:00,9,277.3409532968001
1209,2024-03-22 00:00:00,10,283.09171628461104
1210,2024-03-22 00:00:00,11,281.6995593599202
1211,2024-03-22 00:00:00,12,282.4203043065354
1212,2024-03-22 00:00:00,13,280.45565088839555
1213,2024-03-22 00:00:00,14,279.28652063012913
1214,2024-03-22 00:00:00,15,278.4635386349844
1215,2024-03-22 00:00:00,16,280.31601612814904
1216,2024-03-22 00:00:00,17,278.7142994994906
1217,2024-03-22 00:00:00,18,281.7140589329168
1218,2024-03-22 00:00:00,19,280.88392610978383
1219,2024-03-22 00:00:00,20,282.6087557300517
1220,2024-03-22 00:00:00,21,282.61792014859253
1221,2024-03-22 00:00:00,22,281.51720033858885
1222,2024-03-22 00:00:00,23,276.16543806336256
1223,2024-03-22 00:00:00,24,276.2089281772644
1224,2024-03-22 00:00:00,25,280.77964965543816
1225,2024-03-22 00:00:00,26,280.73540229380706
1226,2024-03-22 00:00:00,27,281.5421292780376
1227,2024-03-22 00:00:00,28,282.34147309690843
1228,2024-03-22 00:00:00,29,283.643603592703
1229,2024-03-22 00:00:00,30,281.76644670763676
1230,2024-03-22 00:00:00,31,281.80000655018074
1231,2024-03-22 00:00:00,32,277.3544202592569
1232,2024-03-22 00:00:00,33,281.2613452620862
1233,2024-03-22 00:00:00,34,280.8564586694248
1234,2024-03-22 00:00:00,35,281.6374994664774
1235,2024-03-22 00:00:00,36,284.22194294078986
1236,2024-03-22 00:00:00,37,282.4200461539005
1237,2024-03-22 00:00:00,38,282.49762102070406
1238,2024-03-22 00:00:00,39,277.6201883969418
1239,2024-03-22 00:00:00,40,283.8559513451281
1240,2024-03-22 00:00:00,41,277.81040386346353
1241,2024-03-22 00:00:00,42,280.7333714930788
1242,2024-03-22 00:00:00,43,280.9660702782261
1243,2024-03-22 00:00:00,44,283.583084009982
1244,2024-03-22 00:00:00,45,281.492280004228
1245,2024-03-22 00:00:00,46,283.31374476084693
1246,2024-03-22 00:00:00,47,278.6074673340589
1247,2024-03-22 00:00:00,48,278.63494337950584
1248,2024-03-22 00:00:00,49,280.4022305031358
1249,2024-03-22 00:00:00,50,281.09246180829945
1250,2024-03-22 06:00:00,1,283.5398520487151
1251,2024-03-22 06:00:00,2,279.47496344855756
1252,2024-03-22 06:00:00,3,277.4833675004163
1253,2024-03-22 06:00:00,4,280.10291112799473
1254,2024-03-22 06:00:00,5,283.6019033370701
1255,2024-03-22 06:00:00,6,280.12654069918085
1256,2024-03-22 06:00:00,7,281.463788558417
1257,2024-03-22 06:00:00,8,282.7168442383068
1258,2024-03-22 06:00:00,9,277.9652954444358
1259,2024-03-22 06:00:00,10,284.2763529111503
1260,2024-03-22 06:00:00,11,282.0812810561385
1261,2024-03-22 06:00:00,12,282.5990922164166
1262,2024-03-22 06:00:00,13,281.15401400156026
1263,2024-03-22 06:00:00,14,278.3063408904732
1264,2024-03-22 06:00:00,15,276.73716009890677
1265,2024-03-22 06:00:00,16,281.39564486787697
1266,2024-03-22 06:00:00,17,277.34144378680656
1267,2024-03-22 06:00:00,18,281.85595683126303
1268,2024-03-22 06:00:00,19,279.96911922238604
1269,2024-03-22 06:00:00,20,282.302819042368
1270,2024-03-22 06:00:00,21,282.8885071354632
1271,2024-03-22 06:00:00,22,282.78270758057135
1272,2024-03-22 06:00:00,23,276.7875256779863
1273,2024-03-22 06:00:00,24,277.45639055006365
1274,2024-03-22 06:00:00,25,279.91724775293596
1275,2024-03-22 06:00:00,26,281.20868212455565
1276,2024-03-22 06:00:00,27,283.32850248647844
1277,2024-03-22 06:00:00,28,280.0105785355596
1278,2024-03-22 06:00:00,29,283.89870142147646
1279,2024-03-22 06:00:00,30,279.8297426147745
1280,2024-03-22 06:00:00,31,283.4190280104689
1281,2024-03-22 06:00:00,32,279.8757798346746
1282,2024-03-22 06:00:00,33,280.44319932630293
1283,2024-03-22 06:00:00,34,282.28349201509775
1284,2024-03-22 06:00:00,35,282.7005634121291
1285,2024-03-22 06:00:00,36,283.8559513451281
1286,2024-03-22 06:00:00,37,283.08969408897053
1287,2024-03-22 06:00:00,38,282.22218936938407
1288,2024-03-22 06:00:00,39,278.96938011808845
1289,2024-03-22 06:00:00,40,283.5901918125311
1290,2024-03-22 06:00:00,41,278.09703933914057
1291,2024-03-22 06:00:00,42,281.17463179200524
1292,2024-03-22 06:00:00,43,279.2999875925859
1293,2024-03-22 06:00:00,44,284.11792463907915
1294,2024-03-22 06:00:00,45,283.38927161674656
1295,2024-03-22 06:00:00,46,283.6301366302462
1296,2024-03-22 06:00:00,47,279.73944942815547
1297,2024-03-22 06:00:00,48,278.8806100320156
1298,2024-03-22 06:00:00,49,279.1789312169682
1299,2024-03-22 06:00:00,50,280.7984775876141
1300,2024-03-22 12:00:00,1,285.70590754755807
1301,2024-03-22 12:00:00,2,283.1565728315992
1302,2024-03-22 12:00:00,3,284.9678749794888
1303,2024-03-22 12:00:00,4,281.8338245453597
1304,2024-03-22 12:00:00,5,284.86002741369293
1305,2024-03-22 12:00:00,6,287.67031141815085
1306,2024-03-22 12:00:00,7,284.12124620298226
1307,2024-03-22 12:00:00,8,285.3022945078957
1308,2024-03-22 12:00:00,9,283.65757825534183
1309,2024-03-22 12:00:00,10,285.1418268300084
1310,2024-03-22 12:00:00,11,285.00016987412147
1311,2024-03-22 12:00:00,12,284.69931018825855
1312,2024-03-22 12:00:00,13,284.43581379376127
1313,2024-03-22 12:00:00,14,282.5637425156036
1314,2024-03-22 12:00:00,15,283.92412085093156
1315,2024-03-22 12:00:00,16,284.7343931313487
1316,2024-03-22 12:00:00,17,287.85955450974757
1317,2024-03-22 12:00:00,18,286.18483231592427
1318,2024-03-22 12:00:00,19,285.31094262116665
1319,2024-03-22 12:00:00,20,285.63776385701806
1320,2024-03-22 12:00:00,21,287.8536858398463
1321,2024-03-22 12:00:00,22,284.50193528866066
1322,2024-03-22 12:00:00,23,282.83917416692356
1323,2024-03-22 12:00:00,24,279.57467920635236
1324,2024-03-22 12:00:00,25,286.35089330090216
1325,2024-03-22 12:00:00,26,283.4083663066453
1326,2024-03-22 12:00:00,27,285.2285489051772
1327,2024-03-22 12:00:00,28,285.47981746986557
1328,2024-03-22 12:00:00,29,286.2112671457435
1329,2024-03-22 12:00:00,30,290.3949059579798
1330,2024-03-22 12:00:00,31,285.25247104934965
1331,2024-03-22 12:00:00,32,283.1525026250548
1332,2024-03-22 12:00:00,33,286.3867420968095
1333,2024-03-22 12:00:00,34,286.48949545060884
1334,2024-03-22 12:00:00,35,284.7148079514436
1335,2024-03-22 12:00:00,36,286.1403095914826
1336,2024-03-22 12:00:00,37,284.8150141992448
1337,2024-03-22 12:00:00,38,283.41244511827756
1338,2024-03-22 12:00:00,39,282.77862876893903
1339,2024-03-22 12:00:00,40,286.07442903904234
1340,2024-03-22 12:00:00,41,282.8379006139245
1341,2024-03-22 12:00:00,42,284.3920827374001
1342,2024-03-22 12:00:00,43,283.27254360030827
1343,2024-03-22 12:00:00,44,285.6700587516508
1344,2024-03-22 12:00:00,45,286.50525136642887
1345,2024-03-22 12:00:00,46,287.2923931707542
1346,2024-03-22 12:00:00,47,281.9381096047931
1347,2024-03-22 12:00:00,48,282.7028437604045
1348,2024-03-22 12:00:00,49,283.4111543551028
1349,2024-03-22 12:00:00,50,284.41979112021846
1350,2024-03-22 18:00:00,1,282.6336846695004
1351,2024-03-22 18:00:00,2,282.4121638934466
1352,2024-03-22 18:00:00,3,284.48491442492946
1353,2024-03-22 18:00:00,4,281.7415091631002
1354,2024-03-22 18:00:00,5,283.43176354045994
1355,2024-03-22 18:00:00,6,285.48237318095164
1356,2024-03-22 18:00:00,7,283.929980915745
1357,2024-03-22 18:00:00,8,283.35035080448336
1358,2024-03-22 18:00:00,9,283.1471502604234
1359,2024-03-22 18:00:00,10,282.41494333681624
1360,2024-03-22 18:00:00,11,282.15248815794655
1361,2024-03-22 18:00:00,12,282.96581524454405
1362,2024-03-22 18:00:00,13,284.95590530231476
1363,2024-03-22 18:00:00,14,280.5169363239336
1364,2024-03-22 18:00:00,15,281.6893623308396
1365,2024-03-22 18:00:00,16,284.3849663297632
1366,2024-03-22 18:00:00,17,284.74127720161414
1367,2024-03-22 18:00:00,18,285.24379712081515
1368,2024-03-22 18:00:00,19,283.64232143461606
1369,2024-03-22 18:00:00,20,286.4083494723551
1370,2024-03-22 18:00:00,21,282.9999172076214
1371,2024-03-22 18:00:00,22,282.80255951819936
1372,2024-03-22 18:00:00,23,280.94571064041605
1373,2024-03-22 18:00:00,24,283.2051485524097
1374,2024-03-22 18:00:00,25,284.53194983501805
1375,2024-03-22 18:00:00,26,282.67438673494473
1376,2024-03-22 18:00:00,27,283.9650638588352
1377,2024-03-22 18:00:00,28,284.3605536955844
1378,2024-03-22 18:00:00,29,283.5126083406396
1379,2024-03-22 18:00:00,30,285.304325308624
1380,2024-03-22 18:00:00,31,284.18428707643795
1381,2024-03-22 18:00:00,32,281.6502091812049
1382,2024-03-22 18:00:00,33,284.1059549619052
1383,2024-03-22 18:00:00,34,285.78983296918153
1384,2024-03-22 18:00:00,35,284.2788914120607
1385,2024-03-22 18:00:00,36,284.2140434701603
1386,2024-03-22 18:00:00,37,284.18021686989357
1387,2024-03-22 18:00:00,38,281.86232459625853
1388,2024-03-22 18:00:00,39,281.8964007440725
1389,2024-03-22 18:00:00,40,285.1433585356425
1390,2024-03-22 18:00:00,41,282.35926841854456
1391,2024-03-22 18:00:00,42,284.9419306396759
1392,2024-03-22 18:00:00,43,284.6433513020884
1393,2024-03-22 18:00:00,44,285.0156762423944
1394,2024-03-22 18:00:00,45,285.13266241146755
1395,2024-03-22 18:00:00,46,285.8269725282636
1396,2024-03-22 18:00:00,47,282.0909445697736
1397,2024-03-22 18:00:00,48,282.059665075505
1398,2024-03-22 18:00:00,49,282.17792479757736
1399,2024-03-22 18:00:00,50,283.997100600833
1400,2024-03-23 00:00:00,1,280.4663211973069
1401,2024-03-23 00:00:00,2,282.12605332812734
1402,2024-03-23 00:00:00,3,283.249895009135
1403,2024-03-23 00:00:00,4,280.0713734810912
1404,2024-03-23 00:00:00,5,280.2125227367961
1405,2024-03-23 00:00:00,6,283.9495402803867
1406,2024-03-23 00:00:00,7,281.08051794638897
1407,2024-03-23 00:00:00,8,281.00194488939684
1408,2024-03-23 00:00:00,9,282.0876402160462
1409,2024-03-23 00:00:00,10,280.8544364737843
1410,2024-03-23 00:00:00,11,279.072383019435
1411,2024-03-23 00:00:00,12,279.53271219299666
1412,2024-03-23 00:00:00,13,283.6738676866074
1413,2024-03-23 00:00:00,14,279.9706681381957
1414,2024-03-23 00:00:00,15,280.65630432645725
1415,2024-03-23 00:00:00,16,283.3099413120253
1416,2024-03-23 00:00:00,17,282.1863233633012
1417,2024-03-23 00:00:00,18,284.25983974760106
1418,2024-03-23 00:00:00,19,281.2862655964471
1419,2024-03-23 00:00:00,20,284.51798377746707
1420,2024-03-23 00:00:00,21,280.9975993200418
1421,2024-03-23 00:00:00,22,279.9864154489279
1422,2024-03-23 00:00:00,23,278.96099015745244
1423,2024-03-23 00:00:00,24,279.58077160853725
1424,2024-03-23 00:00:00,25,282.4134288413578
1425,2024-03-23 00:00:00,26,280.61129111200916
1426,2024-03-23 00:00:00,27,281.3416995722595
1427,2024-03-23 00:00:00,28,283.6303689676177
1428,2024-03-23 00:00:00,29,280.59526843846635
1429,2024-03-23 00:00:00,30,282.18200360920963
1430,2024-03-23 00:00:00,31,280.9787799929536
1431,2024-03-23 00:00:00,32,279.2351568608612
1432,2024-03-23 00:00:00,33,281.4360543603351
1433,2024-03-23 00:00:00,34,282.3536579012782
1434,2024-03-23 00:00:00,35,281.945484165065
1435,2024-03-23 00:00:00,36,281.58001747976095
1436,2024-03-23 00:00:00,37,281.20437958063974
1437,2024-03-23 00:00:00,38,280.27481496761044
1438,2024-03-23 00:00:00,39,281.8961425914375
1439,2024-03-23 00:00:00,40,283.27634704913
1440,2024-03-23 00:00:00,41,280.38875493559124
1441,2024-03-23 00:00:00,42,281.3966430580655
1442,2024-03-23 00:00:00,43,281.0535754163876
1443,2024-03-23 00:00:00,44,281.67589536838284
1444,2024-03-23 00:00:00,45,284.6830293620808
1445,2024-03-23 00:00:00,46,282.5377981757907
1446,2024-03-23 00:00:00,47,278.99429184736147
1447,2024-03-23 00:00:00,48,281.94370291188386
1448,2024-03-23 00:00:00,49,279.44216945883056
1449,2024-03-23 00:00:00,50,282.5640006682385
